[debug] [2026-02-14T12:41:08.395Z] ----------------------------------------------------------------------
[debug] [2026-02-14T12:41:08.405Z] Command:       C:\Users\grasy\Documents\Logiciels\node-v25.2.1-win-x64\node.exe C:\Users\grasy\AppData\Local\npm-cache\_npx\7750544ccf494d8b\node_modules\firebase-tools\lib\bin\firebase.js deploy --only functions --project chorequest-1c5b6
[debug] [2026-02-14T12:41:08.406Z] CLI Version:   15.6.0
[debug] [2026-02-14T12:41:08.406Z] Platform:      win32
[debug] [2026-02-14T12:41:08.406Z] Node Version:  v25.2.1
[debug] [2026-02-14T12:41:08.407Z] Time:          Sat Feb 14 2026 13:41:08 GMT+0100 (heure normale d’Europe centrale)
[debug] [2026-02-14T12:41:08.407Z] ----------------------------------------------------------------------
[debug] 
[debug] [2026-02-14T12:41:08.411Z] >>> [apiv2][query] GET https://firebase-public.firebaseio.com/cli.json [none]
[debug] [2026-02-14T12:41:12.105Z] > command requires scopes: ["email","openid","https://www.googleapis.com/auth/cloudplatformprojects.readonly","https://www.googleapis.com/auth/firebase","https://www.googleapis.com/auth/cloud-platform"]
[debug] [2026-02-14T12:41:12.106Z] > authorizing via signed-in user (yohann.gras@gmail.com)
[debug] [2026-02-14T12:41:12.106Z] [iam] checking project chorequest-1c5b6 for permissions ["cloudfunctions.functions.create","cloudfunctions.functions.delete","cloudfunctions.functions.get","cloudfunctions.functions.list","cloudfunctions.functions.update","cloudfunctions.operations.get","firebase.projects.get"]
[debug] [2026-02-14T12:41:12.108Z] Checked if tokens are valid: true, expires at: 1771076033622
[debug] [2026-02-14T12:41:12.108Z] Checked if tokens are valid: true, expires at: 1771076033622
[debug] [2026-02-14T12:41:12.108Z] >>> [apiv2][query] POST https://cloudresourcemanager.googleapis.com/v1/projects/chorequest-1c5b6:testIamPermissions [none]
[debug] [2026-02-14T12:41:12.108Z] >>> [apiv2][(partial)header] POST https://cloudresourcemanager.googleapis.com/v1/projects/chorequest-1c5b6:testIamPermissions  x-goog-user-project=chorequest-1c5b6
[debug] [2026-02-14T12:41:12.108Z] >>> [apiv2][body] POST https://cloudresourcemanager.googleapis.com/v1/projects/chorequest-1c5b6:testIamPermissions {"permissions":["cloudfunctions.functions.create","cloudfunctions.functions.delete","cloudfunctions.functions.get","cloudfunctions.functions.list","cloudfunctions.functions.update","cloudfunctions.operations.get","firebase.projects.get"]}
[debug] [2026-02-14T12:41:12.167Z] *** [apiv2] error from fetch(https://firebase-public.firebaseio.com/cli.json, {"headers":{},"method":"GET"}): FetchError: request to https://firebase-public.firebaseio.com/cli.json failed, reason: self-signed certificate in certificate chain
[warn] !  Unable to fetch the CLI MOTD and remote config. This is not a fatal error, but may indicate an issue with your network connection. 
[debug] [2026-02-14T12:41:12.169Z] Failed to fetch MOTD FirebaseError: Failed to make request to https://firebase-public.firebaseio.com/cli.json
[debug] [2026-02-14T12:41:12.823Z] <<< [apiv2][status] POST https://cloudresourcemanager.googleapis.com/v1/projects/chorequest-1c5b6:testIamPermissions 200
[debug] [2026-02-14T12:41:12.823Z] <<< [apiv2][body] POST https://cloudresourcemanager.googleapis.com/v1/projects/chorequest-1c5b6:testIamPermissions {"permissions":["cloudfunctions.functions.create","cloudfunctions.functions.delete","cloudfunctions.functions.get","cloudfunctions.functions.list","cloudfunctions.functions.update","cloudfunctions.operations.get","firebase.projects.get"]}
[debug] [2026-02-14T12:41:12.824Z] Checked if tokens are valid: true, expires at: 1771076033622
[debug] [2026-02-14T12:41:12.824Z] Checked if tokens are valid: true, expires at: 1771076033622
[debug] [2026-02-14T12:41:12.824Z] >>> [apiv2][query] POST https://iam.googleapis.com/v1/projects/chorequest-1c5b6/serviceAccounts/chorequest-1c5b6@appspot.gserviceaccount.com:testIamPermissions [none]
[debug] [2026-02-14T12:41:12.824Z] >>> [apiv2][body] POST https://iam.googleapis.com/v1/projects/chorequest-1c5b6/serviceAccounts/chorequest-1c5b6@appspot.gserviceaccount.com:testIamPermissions {"permissions":["iam.serviceAccounts.actAs"]}
[debug] [2026-02-14T12:41:13.488Z] <<< [apiv2][status] POST https://iam.googleapis.com/v1/projects/chorequest-1c5b6/serviceAccounts/chorequest-1c5b6@appspot.gserviceaccount.com:testIamPermissions 200
[debug] [2026-02-14T12:41:13.488Z] <<< [apiv2][body] POST https://iam.googleapis.com/v1/projects/chorequest-1c5b6/serviceAccounts/chorequest-1c5b6@appspot.gserviceaccount.com:testIamPermissions {"permissions":["iam.serviceAccounts.actAs"]}
[info] 
[info] === Deploying to 'chorequest-1c5b6'...
[info] 
[info] i  deploying functions 
[debug] [2026-02-14T12:41:13.497Z] Checked if tokens are valid: true, expires at: 1771076033622
[debug] [2026-02-14T12:41:13.497Z] Checked if tokens are valid: true, expires at: 1771076033622
[debug] [2026-02-14T12:41:13.497Z] >>> [apiv2][query] GET https://cloudresourcemanager.googleapis.com/v1/projects/chorequest-1c5b6 [none]
[debug] [2026-02-14T12:41:13.683Z] <<< [apiv2][status] GET https://cloudresourcemanager.googleapis.com/v1/projects/chorequest-1c5b6 200
[debug] [2026-02-14T12:41:13.683Z] <<< [apiv2][body] GET https://cloudresourcemanager.googleapis.com/v1/projects/chorequest-1c5b6 {"projectNumber":"8039494089","projectId":"chorequest-1c5b6","lifecycleState":"ACTIVE","name":"ChoreQuest","labels":{"firebase":"enabled","firebase-core":"disabled"},"createTime":"2026-02-08T11:22:49.691874Z"}
[info] i  functions: preparing codebase default for deployment 
[info] i  functions: ensuring required API cloudfunctions.googleapis.com is enabled... 
[info] i  functions: ensuring required API cloudbuild.googleapis.com is enabled... 
[info] i  artifactregistry: ensuring required API artifactregistry.googleapis.com is enabled... 
[debug] [2026-02-14T12:41:13.690Z] Checked if tokens are valid: true, expires at: 1771076033622
[debug] [2026-02-14T12:41:13.690Z] Checked if tokens are valid: true, expires at: 1771076033622
[debug] [2026-02-14T12:41:13.690Z] >>> [apiv2][query] GET https://firebase.googleapis.com/v1beta1/projects/chorequest-1c5b6/adminSdkConfig [none]
[debug] [2026-02-14T12:41:13.983Z] <<< [apiv2][status] GET https://firebase.googleapis.com/v1beta1/projects/chorequest-1c5b6/adminSdkConfig 200
[debug] [2026-02-14T12:41:13.983Z] <<< [apiv2][body] GET https://firebase.googleapis.com/v1beta1/projects/chorequest-1c5b6/adminSdkConfig {"projectId":"chorequest-1c5b6","storageBucket":"chorequest-1c5b6.firebasestorage.app"}
[debug] [2026-02-14T12:41:13.984Z] Checked if tokens are valid: true, expires at: 1771076033622
[debug] [2026-02-14T12:41:13.984Z] Checked if tokens are valid: true, expires at: 1771076033622
[debug] [2026-02-14T12:41:13.984Z] >>> [apiv2][query] GET https://runtimeconfig.googleapis.com/v1beta1/projects/chorequest-1c5b6/configs [none]
[debug] [2026-02-14T12:41:14.322Z] <<< [apiv2][status] GET https://runtimeconfig.googleapis.com/v1beta1/projects/chorequest-1c5b6/configs 200
[debug] [2026-02-14T12:41:14.322Z] <<< [apiv2][body] GET https://runtimeconfig.googleapis.com/v1beta1/projects/chorequest-1c5b6/configs {}
[debug] [2026-02-14T12:41:14.324Z] Validating nodejs source
[debug] [2026-02-14T12:41:16.713Z] > [functions] package.json contents: {
  "name": "functions",
  "description": "ChoreQuest Cloud Functions",
  "version": "1.0.0",
  "engines": {
    "node": "22"
  },
  "main": "index.js",
  "dependencies": {
    "firebase-admin": "^13.6.1",
    "firebase-functions": "^7.0.5"
  },
  "devDependencies": {
    "firebase-functions-test": "^3.1.0"
  },
  "private": true
}
[debug] [2026-02-14T12:41:16.714Z] Building nodejs source
[info] i  functions: Loading and analyzing source code for codebase default to determine what to deploy 
[debug] [2026-02-14T12:41:16.716Z] Could not find functions.yaml. Must use http discovery
[debug] [2026-02-14T12:41:16.735Z] Found firebase-functions binary at 'C:\Users\grasy\IdeaProjects\My tools\ChoreQuest\functions\node_modules\.bin\firebase-functions'
[info] Serving at port 8808

[debug] [2026-02-14T12:41:18.344Z] Got response from /__/functions.yaml {"endpoints":{"onguildupdate":{"availableMemoryMb":null,"timeoutSeconds":null,"minInstances":null,"maxInstances":null,"ingressSettings":null,"concurrency":null,"serviceAccountEmail":null,"vpc":null,"platform":"gcfv2","region":["us-central1"],"labels":{},"eventTrigger":{"eventType":"google.cloud.firestore.document.v1.updated","eventFilters":{"database":"(default)","namespace":"(default)"},"eventFilterPathPatterns":{"document":"guilds/{guildId}"},"retry":false},"entryPoint":"onguildupdate"},"scheduledreminders":{"availableMemoryMb":null,"timeoutSeconds":null,"minInstances":null,"maxInstances":null,"ingressSettings":null,"concurrency":null,"serviceAccountEmail":null,"vpc":null,"platform":"gcfv2","region":["us-central1"],"labels":{},"scheduleTrigger":{"schedule":"every 15 minutes","retryConfig":{"retryCount":null,"maxDoublings":null,"maxRetrySeconds":null,"minBackoffSeconds":null,"maxBackoffSeconds":null},"timeZone":null},"entryPoint":"scheduledreminders"}},"specVersion":"v1alpha1","requiredAPIs":[{"api":"cloudscheduler.googleapis.com","reason":"Needed for scheduled functions."}],"extensions":{}}
[info] i  extensions: ensuring required API firebaseextensions.googleapis.com is enabled... 
[debug] [2026-02-14T12:41:22.424Z] > command requires scopes: ["email","openid","https://www.googleapis.com/auth/cloudplatformprojects.readonly","https://www.googleapis.com/auth/firebase","https://www.googleapis.com/auth/cloud-platform"]
[debug] [2026-02-14T12:41:22.424Z] > authorizing via signed-in user (yohann.gras@gmail.com)
[debug] [2026-02-14T12:41:22.425Z] [iam] checking project chorequest-1c5b6 for permissions ["firebase.projects.get","firebaseextensions.instances.list"]
[debug] [2026-02-14T12:41:22.425Z] Checked if tokens are valid: true, expires at: 1771076033622
[debug] [2026-02-14T12:41:22.425Z] Checked if tokens are valid: true, expires at: 1771076033622
[debug] [2026-02-14T12:41:22.426Z] >>> [apiv2][query] POST https://cloudresourcemanager.googleapis.com/v1/projects/chorequest-1c5b6:testIamPermissions [none]
[debug] [2026-02-14T12:41:22.426Z] >>> [apiv2][(partial)header] POST https://cloudresourcemanager.googleapis.com/v1/projects/chorequest-1c5b6:testIamPermissions  x-goog-user-project=chorequest-1c5b6
[debug] [2026-02-14T12:41:22.426Z] >>> [apiv2][body] POST https://cloudresourcemanager.googleapis.com/v1/projects/chorequest-1c5b6:testIamPermissions {"permissions":["firebase.projects.get","firebaseextensions.instances.list"]}
[debug] [2026-02-14T12:41:23.125Z] <<< [apiv2][status] POST https://cloudresourcemanager.googleapis.com/v1/projects/chorequest-1c5b6:testIamPermissions 200
[debug] [2026-02-14T12:41:23.125Z] <<< [apiv2][body] POST https://cloudresourcemanager.googleapis.com/v1/projects/chorequest-1c5b6:testIamPermissions {"permissions":["firebase.projects.get","firebaseextensions.instances.list"]}
[debug] [2026-02-14T12:41:23.126Z] Checked if tokens are valid: true, expires at: 1771076033622
[debug] [2026-02-14T12:41:23.126Z] Checked if tokens are valid: true, expires at: 1771076033622
[debug] [2026-02-14T12:41:23.126Z] >>> [apiv2][query] GET https://firebaseextensions.googleapis.com/v1beta/projects/chorequest-1c5b6/instances pageSize=100&pageToken=
[debug] [2026-02-14T12:41:23.944Z] <<< [apiv2][status] GET https://firebaseextensions.googleapis.com/v1beta/projects/chorequest-1c5b6/instances 200
[debug] [2026-02-14T12:41:23.944Z] <<< [apiv2][body] GET https://firebaseextensions.googleapis.com/v1beta/projects/chorequest-1c5b6/instances {}
[info] i  functions: preparing functions directory for uploading... 
[info] i  functions: packaged C:\Users\grasy\IdeaProjects\My tools\ChoreQuest\functions (69.65 KB) for uploading 
[debug] [2026-02-14T12:41:24.009Z] Checked if tokens are valid: true, expires at: 1771076033622
[debug] [2026-02-14T12:41:24.009Z] Checked if tokens are valid: true, expires at: 1771076033622
[debug] [2026-02-14T12:41:24.009Z] >>> [apiv2][query] GET https://cloudfunctions.googleapis.com/v1/projects/chorequest-1c5b6/locations/-/functions [none]
[debug] [2026-02-14T12:41:24.629Z] <<< [apiv2][status] GET https://cloudfunctions.googleapis.com/v1/projects/chorequest-1c5b6/locations/-/functions 200
[debug] [2026-02-14T12:41:24.629Z] <<< [apiv2][body] GET https://cloudfunctions.googleapis.com/v1/projects/chorequest-1c5b6/locations/-/functions {}
[debug] [2026-02-14T12:41:24.630Z] Checked if tokens are valid: true, expires at: 1771076033622
[debug] [2026-02-14T12:41:24.630Z] Checked if tokens are valid: true, expires at: 1771076033622
[debug] [2026-02-14T12:41:24.630Z] >>> [apiv2][query] GET https://cloudfunctions.googleapis.com/v2/projects/chorequest-1c5b6/locations/-/functions filter=environment%3D%22GEN_2%22
[debug] [2026-02-14T12:41:25.597Z] <<< [apiv2][status] GET https://cloudfunctions.googleapis.com/v2/projects/chorequest-1c5b6/locations/-/functions 200
[debug] [2026-02-14T12:41:25.597Z] <<< [apiv2][body] GET https://cloudfunctions.googleapis.com/v2/projects/chorequest-1c5b6/locations/-/functions {}
[debug] [2026-02-14T12:41:25.599Z] Checked if tokens are valid: true, expires at: 1771076033622
[debug] [2026-02-14T12:41:25.599Z] Checked if tokens are valid: true, expires at: 1771076033622
[debug] [2026-02-14T12:41:25.599Z] >>> [apiv2][query] GET https://firestore.googleapis.com/v1/projects/chorequest-1c5b6/databases/(default) [none]
[debug] [2026-02-14T12:41:25.754Z] <<< [apiv2][status] GET https://firestore.googleapis.com/v1/projects/chorequest-1c5b6/databases/(default) 200
[debug] [2026-02-14T12:41:25.754Z] <<< [apiv2][body] GET https://firestore.googleapis.com/v1/projects/chorequest-1c5b6/databases/(default) {"name":"projects/chorequest-1c5b6/databases/(default)","uid":"bbe11895-f996-400a-ab5a-5f890f5557e2","createTime":"2026-02-08T11:25:36.640787Z","updateTime":"2026-02-08T11:25:36.640787Z","locationId":"eur3","type":"FIRESTORE_NATIVE","concurrencyMode":"PESSIMISTIC","versionRetentionPeriod":"3600s","earliestVersionTime":"2026-02-14T11:41:25.672958Z","appEngineIntegrationMode":"DISABLED","keyPrefix":"e","pointInTimeRecoveryEnablement":"POINT_IN_TIME_RECOVERY_DISABLED","deleteProtectionState":"DELETE_PROTECTION_DISABLED","databaseEdition":"STANDARD","freeTier":true,"realtimeUpdatesMode":"REALTIME_UPDATES_MODE_ENABLED","etag":"IOyV49GA2ZIDMMb69YnryZID"}
[info] i  functions: ensuring required API cloudscheduler.googleapis.com is enabled... 
[info] i  functions: ensuring required API run.googleapis.com is enabled... 
[info] i  functions: ensuring required API eventarc.googleapis.com is enabled... 
[info] i  functions: ensuring required API pubsub.googleapis.com is enabled... 
[info] i  functions: ensuring required API storage.googleapis.com is enabled... 
[info] i  functions: generating the service identity for pubsub.googleapis.com... 
[debug] [2026-02-14T12:41:25.763Z] Checked if tokens are valid: true, expires at: 1771076033622
[debug] [2026-02-14T12:41:25.763Z] Checked if tokens are valid: true, expires at: 1771076033622
[info] i  functions: generating the service identity for eventarc.googleapis.com... 
[debug] [2026-02-14T12:41:25.763Z] Checked if tokens are valid: true, expires at: 1771076033622
[debug] [2026-02-14T12:41:25.764Z] Checked if tokens are valid: true, expires at: 1771076033622
[debug] [2026-02-14T12:41:25.764Z] >>> [apiv2][query] POST https://serviceusage.googleapis.com/v1beta1/projects/8039494089/services/pubsub.googleapis.com:generateServiceIdentity [none]
[debug] [2026-02-14T12:41:25.764Z] >>> [apiv2][(partial)header] POST https://serviceusage.googleapis.com/v1beta1/projects/8039494089/services/pubsub.googleapis.com:generateServiceIdentity  x-goog-user-project=8039494089
[debug] [2026-02-14T12:41:25.764Z] >>> [apiv2][body] POST https://serviceusage.googleapis.com/v1beta1/projects/8039494089/services/pubsub.googleapis.com:generateServiceIdentity {}
[debug] [2026-02-14T12:41:25.765Z] >>> [apiv2][query] POST https://serviceusage.googleapis.com/v1beta1/projects/8039494089/services/eventarc.googleapis.com:generateServiceIdentity [none]
[debug] [2026-02-14T12:41:25.766Z] >>> [apiv2][(partial)header] POST https://serviceusage.googleapis.com/v1beta1/projects/8039494089/services/eventarc.googleapis.com:generateServiceIdentity  x-goog-user-project=8039494089
[debug] [2026-02-14T12:41:25.766Z] >>> [apiv2][body] POST https://serviceusage.googleapis.com/v1beta1/projects/8039494089/services/eventarc.googleapis.com:generateServiceIdentity {}
[debug] [2026-02-14T12:41:26.653Z] <<< [apiv2][status] POST https://serviceusage.googleapis.com/v1beta1/projects/8039494089/services/pubsub.googleapis.com:generateServiceIdentity 200
[debug] [2026-02-14T12:41:26.654Z] <<< [apiv2][body] POST https://serviceusage.googleapis.com/v1beta1/projects/8039494089/services/pubsub.googleapis.com:generateServiceIdentity {"name":"operations/finished.DONE_OPERATION","done":true,"response":{"@type":"type.googleapis.com/google.api.serviceusage.v1beta1.ServiceIdentity","email":"service-8039494089@gcp-sa-pubsub.iam.gserviceaccount.com","uniqueId":"105396559038196289450"}}
[debug] [2026-02-14T12:41:26.660Z] <<< [apiv2][status] POST https://serviceusage.googleapis.com/v1beta1/projects/8039494089/services/eventarc.googleapis.com:generateServiceIdentity 200
[debug] [2026-02-14T12:41:26.660Z] <<< [apiv2][body] POST https://serviceusage.googleapis.com/v1beta1/projects/8039494089/services/eventarc.googleapis.com:generateServiceIdentity {"name":"operations/finished.DONE_OPERATION","done":true,"response":{"@type":"type.googleapis.com/google.api.serviceusage.v1beta1.ServiceIdentity","email":"service-8039494089@gcp-sa-eventarc.iam.gserviceaccount.com","uniqueId":"117528707026405508005"}}
[debug] [2026-02-14T12:41:26.663Z] Checked if tokens are valid: true, expires at: 1771076033622
[debug] [2026-02-14T12:41:26.663Z] Checked if tokens are valid: true, expires at: 1771076033622
[debug] [2026-02-14T12:41:26.663Z] >>> [apiv2][query] GET https://compute.googleapis.com/compute/v1/projects/8039494089 [none]
[debug] [2026-02-14T12:41:26.888Z] <<< [apiv2][status] GET https://compute.googleapis.com/compute/v1/projects/8039494089 403
[debug] [2026-02-14T12:41:26.888Z] <<< [apiv2][body] GET https://compute.googleapis.com/compute/v1/projects/8039494089 {"error":{"code":403,"message":"Compute Engine API has not been used in project 8039494089 before or it is disabled. Enable it by visiting https://console.developers.google.com/apis/api/compute.googleapis.com/overview?project=8039494089 then retry. If you enabled this API recently, wait a few minutes for the action to propagate to our systems and retry.","errors":[{"message":"Compute Engine API has not been used in project 8039494089 before or it is disabled. Enable it by visiting https://console.developers.google.com/apis/api/compute.googleapis.com/overview?project=8039494089 then retry. If you enabled this API recently, wait a few minutes for the action to propagate to our systems and retry.","domain":"usageLimits","reason":"accessNotConfigured","extendedHelp":"https://console.developers.google.com"}],"status":"PERMISSION_DENIED","details":[{"@type":"type.googleapis.com/google.rpc.ErrorInfo","reason":"SERVICE_DISABLED","domain":"googleapis.com","metadata":{"service":"compute.googleapis.com","serviceTitle":"Compute Engine API","containerInfo":"8039494089","activationUrl":"https://console.developers.google.com/apis/api/compute.googleapis.com/overview?project=8039494089","consumer":"projects/8039494089"}},{"@type":"type.googleapis.com/google.rpc.LocalizedMessage","locale":"en-US","message":"Compute Engine API has not been used in project 8039494089 before or it is disabled. Enable it by visiting https://console.developers.google.com/apis/api/compute.googleapis.com/overview?project=8039494089 then retry. If you enabled this API recently, wait a few minutes for the action to propagate to our systems and retry."},{"@type":"type.googleapis.com/google.rpc.Help","links":[{"description":"Google developers console API activation","url":"https://console.developers.google.com/apis/api/compute.googleapis.com/overview?project=8039494089"}]}]}}
[debug] [2026-02-14T12:41:26.889Z] unable to look up default compute service account. Falling back to 8039494089-compute@developer.gserviceaccount.com. Error: {"name":"FirebaseError","children":[],"context":{"body":{"error":{"code":403,"message":"Compute Engine API has not been used in project 8039494089 before or it is disabled. Enable it by visiting https://console.developers.google.com/apis/api/compute.googleapis.com/overview?project=8039494089 then retry. If you enabled this API recently, wait a few minutes for the action to propagate to our systems and retry.","errors":[{"message":"Compute Engine API has not been used in project 8039494089 before or it is disabled. Enable it by visiting https://console.developers.google.com/apis/api/compute.googleapis.com/overview?project=8039494089 then retry. If you enabled this API recently, wait a few minutes for the action to propagate to our systems and retry.","domain":"usageLimits","reason":"accessNotConfigured","extendedHelp":"https://console.developers.google.com"}],"status":"PERMISSION_DENIED","details":[{"@type":"type.googleapis.com/google.rpc.ErrorInfo","reason":"SERVICE_DISABLED","domain":"googleapis.com","metadata":{"service":"compute.googleapis.com","serviceTitle":"Compute Engine API","containerInfo":"8039494089","activationUrl":"https://console.developers.google.com/apis/api/compute.googleapis.com/overview?project=8039494089","consumer":"projects/8039494089"}},{"@type":"type.googleapis.com/google.rpc.LocalizedMessage","locale":"en-US","message":"Compute Engine API has not been used in project 8039494089 before or it is disabled. Enable it by visiting https://console.developers.google.com/apis/api/compute.googleapis.com/overview?project=8039494089 then retry. If you enabled this API recently, wait a few minutes for the action to propagate to our systems and retry."},{"@type":"type.googleapis.com/google.rpc.Help","links":[{"description":"Google developers console API activation","url":"https://console.developers.google.com/apis/api/compute.googleapis.com/overview?project=8039494089"}]}]}},"response":{"statusCode":403}},"exit":1,"message":"Request to https://compute.googleapis.com/compute/v1/projects/8039494089 had HTTP Error: 403, Compute Engine API has not been used in project 8039494089 before or it is disabled. Enable it by visiting https://console.developers.google.com/apis/api/compute.googleapis.com/overview?project=8039494089 then retry. If you enabled this API recently, wait a few minutes for the action to propagate to our systems and retry.","status":403}
[debug] [2026-02-14T12:41:26.890Z] Checked if tokens are valid: true, expires at: 1771076033622
[debug] [2026-02-14T12:41:26.890Z] Checked if tokens are valid: true, expires at: 1771076033622
[debug] [2026-02-14T12:41:26.890Z] >>> [apiv2][query] POST https://cloudresourcemanager.googleapis.com/v1/projects/8039494089:getIamPolicy [none]
[debug] [2026-02-14T12:41:27.160Z] <<< [apiv2][status] POST https://cloudresourcemanager.googleapis.com/v1/projects/8039494089:getIamPolicy 200
[debug] [2026-02-14T12:41:27.160Z] <<< [apiv2][body] POST https://cloudresourcemanager.googleapis.com/v1/projects/8039494089:getIamPolicy {"version":1,"etag":"BwZKx/7Qoco=","bindings":[{"role":"roles/cloudbuild.builds.builder","members":["serviceAccount:8039494089@cloudbuild.gserviceaccount.com"]},{"role":"roles/cloudbuild.serviceAgent","members":["serviceAccount:service-8039494089@gcp-sa-cloudbuild.iam.gserviceaccount.com"]},{"role":"roles/cloudfunctions.serviceAgent","members":["serviceAccount:service-8039494089@gcf-admin-robot.iam.gserviceaccount.com"]},{"role":"roles/cloudscheduler.serviceAgent","members":["serviceAccount:service-8039494089@gcp-sa-cloudscheduler.iam.gserviceaccount.com"]},{"role":"roles/containerregistry.ServiceAgent","members":["serviceAccount:service-8039494089@containerregistry.iam.gserviceaccount.com"]},{"role":"roles/editor","members":["serviceAccount:8039494089@cloudservices.gserviceaccount.com","serviceAccount:chorequest-1c5b6@appspot.gserviceaccount.com","serviceAccount:8039494089-compute@developer.gserviceaccount.com"]},{"role":"roles/firebase.managementServiceAgent","members":["serviceAccount:service-8039494089@gcp-sa-firebase.iam.gserviceaccount.com"]},{"role":"roles/firebase.sdkAdminServiceAgent","members":["serviceAccount:firebase-adminsdk-fbsvc@chorequest-1c5b6.iam.gserviceaccount.com"]},{"role":"roles/firebaseauth.admin","members":["serviceAccount:firebase-adminsdk-fbsvc@chorequest-1c5b6.iam.gserviceaccount.com"]},{"role":"roles/firebasemods.serviceAgent","members":["serviceAccount:service-8039494089@gcp-sa-firebasemods.iam.gserviceaccount.com"]},{"role":"roles/firebaserules.system","members":["serviceAccount:service-8039494089@firebase-rules.iam.gserviceaccount.com"]},{"role":"roles/firestore.serviceAgent","members":["serviceAccount:service-8039494089@gcp-sa-firestore.iam.gserviceaccount.com"]},{"role":"roles/iam.serviceAccountTokenCreator","members":["serviceAccount:firebase-adminsdk-fbsvc@chorequest-1c5b6.iam.gserviceaccount.com"]},{"role":"roles/owner","members":["user:yohann.gras@gmail.com"]},{"role":"roles/run.serviceAgent","members":["serviceAccount:service-8039494089@serverless-robot-prod.iam.gserviceaccount.com"]}]}
[debug] [2026-02-14T12:41:27.160Z] Checked if tokens are valid: true, expires at: 1771076033622
[debug] [2026-02-14T12:41:27.161Z] Checked if tokens are valid: true, expires at: 1771076033622
[debug] [2026-02-14T12:41:27.161Z] >>> [apiv2][query] POST https://cloudresourcemanager.googleapis.com/v1/projects/8039494089:setIamPolicy [none]
[debug] [2026-02-14T12:41:27.161Z] >>> [apiv2][body] POST https://cloudresourcemanager.googleapis.com/v1/projects/8039494089:setIamPolicy {"policy":{"version":1,"etag":"BwZKx/7Qoco=","bindings":[{"role":"roles/cloudbuild.builds.builder","members":["serviceAccount:8039494089@cloudbuild.gserviceaccount.com"]},{"role":"roles/cloudbuild.serviceAgent","members":["serviceAccount:service-8039494089@gcp-sa-cloudbuild.iam.gserviceaccount.com"]},{"role":"roles/cloudfunctions.serviceAgent","members":["serviceAccount:service-8039494089@gcf-admin-robot.iam.gserviceaccount.com"]},{"role":"roles/cloudscheduler.serviceAgent","members":["serviceAccount:service-8039494089@gcp-sa-cloudscheduler.iam.gserviceaccount.com"]},{"role":"roles/containerregistry.ServiceAgent","members":["serviceAccount:service-8039494089@containerregistry.iam.gserviceaccount.com"]},{"role":"roles/editor","members":["serviceAccount:8039494089@cloudservices.gserviceaccount.com","serviceAccount:chorequest-1c5b6@appspot.gserviceaccount.com","serviceAccount:8039494089-compute@developer.gserviceaccount.com"]},{"role":"roles/firebase.managementServiceAgent","members":["serviceAccount:service-8039494089@gcp-sa-firebase.iam.gserviceaccount.com"]},{"role":"roles/firebase.sdkAdminServiceAgent","members":["serviceAccount:firebase-adminsdk-fbsvc@chorequest-1c5b6.iam.gserviceaccount.com"]},{"role":"roles/firebaseauth.admin","members":["serviceAccount:firebase-adminsdk-fbsvc@chorequest-1c5b6.iam.gserviceaccount.com"]},{"role":"roles/firebasemods.serviceAgent","members":["serviceAccount:service-8039494089@gcp-sa-firebasemods.iam.gserviceaccount.com"]},{"role":"roles/firebaserules.system","members":["serviceAccount:service-8039494089@firebase-rules.iam.gserviceaccount.com"]},{"role":"roles/firestore.serviceAgent","members":["serviceAccount:service-8039494089@gcp-sa-firestore.iam.gserviceaccount.com"]},{"role":"roles/iam.serviceAccountTokenCreator","members":["serviceAccount:firebase-adminsdk-fbsvc@chorequest-1c5b6.iam.gserviceaccount.com","serviceAccount:service-8039494089@gcp-sa-pubsub.iam.gserviceaccount.com"]},{"role":"roles/owner","members":["user:yohann.gras@gmail.com"]},{"role":"roles/run.serviceAgent","members":["serviceAccount:service-8039494089@serverless-robot-prod.iam.gserviceaccount.com"]},{"role":"roles/run.invoker","members":["serviceAccount:8039494089-compute@developer.gserviceaccount.com"]},{"role":"roles/eventarc.eventReceiver","members":["serviceAccount:8039494089-compute@developer.gserviceaccount.com"]}]},"updateMask":"bindings"}
[debug] [2026-02-14T12:41:28.286Z] <<< [apiv2][status] POST https://cloudresourcemanager.googleapis.com/v1/projects/8039494089:setIamPolicy 200
[debug] [2026-02-14T12:41:28.286Z] <<< [apiv2][body] POST https://cloudresourcemanager.googleapis.com/v1/projects/8039494089:setIamPolicy {"version":1,"etag":"BwZKyApeSRU=","bindings":[{"role":"roles/cloudbuild.builds.builder","members":["serviceAccount:8039494089@cloudbuild.gserviceaccount.com"]},{"role":"roles/cloudbuild.serviceAgent","members":["serviceAccount:service-8039494089@gcp-sa-cloudbuild.iam.gserviceaccount.com"]},{"role":"roles/cloudfunctions.serviceAgent","members":["serviceAccount:service-8039494089@gcf-admin-robot.iam.gserviceaccount.com"]},{"role":"roles/cloudscheduler.serviceAgent","members":["serviceAccount:service-8039494089@gcp-sa-cloudscheduler.iam.gserviceaccount.com"]},{"role":"roles/containerregistry.ServiceAgent","members":["serviceAccount:service-8039494089@containerregistry.iam.gserviceaccount.com"]},{"role":"roles/editor","members":["serviceAccount:8039494089-compute@developer.gserviceaccount.com","serviceAccount:8039494089@cloudservices.gserviceaccount.com","serviceAccount:chorequest-1c5b6@appspot.gserviceaccount.com"]},{"role":"roles/eventarc.eventReceiver","members":["serviceAccount:8039494089-compute@developer.gserviceaccount.com"]},{"role":"roles/firebase.managementServiceAgent","members":["serviceAccount:service-8039494089@gcp-sa-firebase.iam.gserviceaccount.com"]},{"role":"roles/firebase.sdkAdminServiceAgent","members":["serviceAccount:firebase-adminsdk-fbsvc@chorequest-1c5b6.iam.gserviceaccount.com"]},{"role":"roles/firebaseauth.admin","members":["serviceAccount:firebase-adminsdk-fbsvc@chorequest-1c5b6.iam.gserviceaccount.com"]},{"role":"roles/firebasemods.serviceAgent","members":["serviceAccount:service-8039494089@gcp-sa-firebasemods.iam.gserviceaccount.com"]},{"role":"roles/firebaserules.system","members":["serviceAccount:service-8039494089@firebase-rules.iam.gserviceaccount.com"]},{"role":"roles/firestore.serviceAgent","members":["serviceAccount:service-8039494089@gcp-sa-firestore.iam.gserviceaccount.com"]},{"role":"roles/iam.serviceAccountTokenCreator","members":["serviceAccount:firebase-adminsdk-fbsvc@chorequest-1c5b6.iam.gserviceaccount.com","serviceAccount:service-8039494089@gcp-sa-pubsub.iam.gserviceaccount.com"]},{"role":"roles/owner","members":["user:yohann.gras@gmail.com"]},{"role":"roles/run.invoker","members":["serviceAccount:8039494089-compute@developer.gserviceaccount.com"]},{"role":"roles/run.serviceAgent","members":["serviceAccount:service-8039494089@serverless-robot-prod.iam.gserviceaccount.com"]}]}
[debug] [2026-02-14T12:41:28.288Z] Checked if tokens are valid: true, expires at: 1771076033622
[debug] [2026-02-14T12:41:28.288Z] Checked if tokens are valid: true, expires at: 1771076033622
[debug] [2026-02-14T12:41:28.288Z] >>> [apiv2][query] GET https://cloudresourcemanager.googleapis.com/v1/projects/chorequest-1c5b6 [none]
[debug] [2026-02-14T12:41:28.467Z] <<< [apiv2][status] GET https://cloudresourcemanager.googleapis.com/v1/projects/chorequest-1c5b6 200
[debug] [2026-02-14T12:41:28.468Z] <<< [apiv2][body] GET https://cloudresourcemanager.googleapis.com/v1/projects/chorequest-1c5b6 {"projectNumber":"8039494089","projectId":"chorequest-1c5b6","lifecycleState":"ACTIVE","name":"ChoreQuest","labels":{"firebase":"enabled","firebase-core":"disabled"},"createTime":"2026-02-08T11:22:49.691874Z"}
[debug] [2026-02-14T12:41:28.468Z] Checked if tokens are valid: true, expires at: 1771076033622
[debug] [2026-02-14T12:41:28.468Z] Checked if tokens are valid: true, expires at: 1771076033622
[debug] [2026-02-14T12:41:28.468Z] >>> [apiv2][query] GET https://compute.googleapis.com/compute/v1/projects/8039494089 [none]
[debug] [2026-02-14T12:41:28.663Z] <<< [apiv2][status] GET https://compute.googleapis.com/compute/v1/projects/8039494089 403
[debug] [2026-02-14T12:41:28.663Z] <<< [apiv2][body] GET https://compute.googleapis.com/compute/v1/projects/8039494089 {"error":{"code":403,"message":"Compute Engine API has not been used in project 8039494089 before or it is disabled. Enable it by visiting https://console.developers.google.com/apis/api/compute.googleapis.com/overview?project=8039494089 then retry. If you enabled this API recently, wait a few minutes for the action to propagate to our systems and retry.","errors":[{"message":"Compute Engine API has not been used in project 8039494089 before or it is disabled. Enable it by visiting https://console.developers.google.com/apis/api/compute.googleapis.com/overview?project=8039494089 then retry. If you enabled this API recently, wait a few minutes for the action to propagate to our systems and retry.","domain":"usageLimits","reason":"accessNotConfigured","extendedHelp":"https://console.developers.google.com"}],"status":"PERMISSION_DENIED","details":[{"@type":"type.googleapis.com/google.rpc.ErrorInfo","reason":"SERVICE_DISABLED","domain":"googleapis.com","metadata":{"serviceTitle":"Compute Engine API","service":"compute.googleapis.com","activationUrl":"https://console.developers.google.com/apis/api/compute.googleapis.com/overview?project=8039494089","containerInfo":"8039494089","consumer":"projects/8039494089"}},{"@type":"type.googleapis.com/google.rpc.LocalizedMessage","locale":"en-US","message":"Compute Engine API has not been used in project 8039494089 before or it is disabled. Enable it by visiting https://console.developers.google.com/apis/api/compute.googleapis.com/overview?project=8039494089 then retry. If you enabled this API recently, wait a few minutes for the action to propagate to our systems and retry."},{"@type":"type.googleapis.com/google.rpc.Help","links":[{"description":"Google developers console API activation","url":"https://console.developers.google.com/apis/api/compute.googleapis.com/overview?project=8039494089"}]}]}}
[debug] [2026-02-14T12:41:28.663Z] unable to look up default compute service account. Falling back to 8039494089-compute@developer.gserviceaccount.com. Error: {"name":"FirebaseError","children":[],"context":{"body":{"error":{"code":403,"message":"Compute Engine API has not been used in project 8039494089 before or it is disabled. Enable it by visiting https://console.developers.google.com/apis/api/compute.googleapis.com/overview?project=8039494089 then retry. If you enabled this API recently, wait a few minutes for the action to propagate to our systems and retry.","errors":[{"message":"Compute Engine API has not been used in project 8039494089 before or it is disabled. Enable it by visiting https://console.developers.google.com/apis/api/compute.googleapis.com/overview?project=8039494089 then retry. If you enabled this API recently, wait a few minutes for the action to propagate to our systems and retry.","domain":"usageLimits","reason":"accessNotConfigured","extendedHelp":"https://console.developers.google.com"}],"status":"PERMISSION_DENIED","details":[{"@type":"type.googleapis.com/google.rpc.ErrorInfo","reason":"SERVICE_DISABLED","domain":"googleapis.com","metadata":{"serviceTitle":"Compute Engine API","service":"compute.googleapis.com","activationUrl":"https://console.developers.google.com/apis/api/compute.googleapis.com/overview?project=8039494089","containerInfo":"8039494089","consumer":"projects/8039494089"}},{"@type":"type.googleapis.com/google.rpc.LocalizedMessage","locale":"en-US","message":"Compute Engine API has not been used in project 8039494089 before or it is disabled. Enable it by visiting https://console.developers.google.com/apis/api/compute.googleapis.com/overview?project=8039494089 then retry. If you enabled this API recently, wait a few minutes for the action to propagate to our systems and retry."},{"@type":"type.googleapis.com/google.rpc.Help","links":[{"description":"Google developers console API activation","url":"https://console.developers.google.com/apis/api/compute.googleapis.com/overview?project=8039494089"}]}]}},"response":{"statusCode":403}},"exit":1,"message":"Request to https://compute.googleapis.com/compute/v1/projects/8039494089 had HTTP Error: 403, Compute Engine API has not been used in project 8039494089 before or it is disabled. Enable it by visiting https://console.developers.google.com/apis/api/compute.googleapis.com/overview?project=8039494089 then retry. If you enabled this API recently, wait a few minutes for the action to propagate to our systems and retry.","status":403}
[debug] [2026-02-14T12:41:28.664Z] Checked if tokens are valid: true, expires at: 1771076033622
[debug] [2026-02-14T12:41:28.664Z] Checked if tokens are valid: true, expires at: 1771076033622
[debug] [2026-02-14T12:41:28.664Z] >>> [apiv2][query] GET https://compute.googleapis.com/compute/v1/projects/8039494089 [none]
[debug] [2026-02-14T12:41:28.868Z] <<< [apiv2][status] GET https://compute.googleapis.com/compute/v1/projects/8039494089 403
[debug] [2026-02-14T12:41:28.868Z] <<< [apiv2][body] GET https://compute.googleapis.com/compute/v1/projects/8039494089 {"error":{"code":403,"message":"Compute Engine API has not been used in project 8039494089 before or it is disabled. Enable it by visiting https://console.developers.google.com/apis/api/compute.googleapis.com/overview?project=8039494089 then retry. If you enabled this API recently, wait a few minutes for the action to propagate to our systems and retry.","errors":[{"message":"Compute Engine API has not been used in project 8039494089 before or it is disabled. Enable it by visiting https://console.developers.google.com/apis/api/compute.googleapis.com/overview?project=8039494089 then retry. If you enabled this API recently, wait a few minutes for the action to propagate to our systems and retry.","domain":"usageLimits","reason":"accessNotConfigured","extendedHelp":"https://console.developers.google.com"}],"status":"PERMISSION_DENIED","details":[{"@type":"type.googleapis.com/google.rpc.ErrorInfo","reason":"SERVICE_DISABLED","domain":"googleapis.com","metadata":{"service":"compute.googleapis.com","containerInfo":"8039494089","activationUrl":"https://console.developers.google.com/apis/api/compute.googleapis.com/overview?project=8039494089","consumer":"projects/8039494089","serviceTitle":"Compute Engine API"}},{"@type":"type.googleapis.com/google.rpc.LocalizedMessage","locale":"en-US","message":"Compute Engine API has not been used in project 8039494089 before or it is disabled. Enable it by visiting https://console.developers.google.com/apis/api/compute.googleapis.com/overview?project=8039494089 then retry. If you enabled this API recently, wait a few minutes for the action to propagate to our systems and retry."},{"@type":"type.googleapis.com/google.rpc.Help","links":[{"description":"Google developers console API activation","url":"https://console.developers.google.com/apis/api/compute.googleapis.com/overview?project=8039494089"}]}]}}
[debug] [2026-02-14T12:41:28.868Z] unable to look up default compute service account. Falling back to 8039494089-compute@developer.gserviceaccount.com. Error: {"name":"FirebaseError","children":[],"context":{"body":{"error":{"code":403,"message":"Compute Engine API has not been used in project 8039494089 before or it is disabled. Enable it by visiting https://console.developers.google.com/apis/api/compute.googleapis.com/overview?project=8039494089 then retry. If you enabled this API recently, wait a few minutes for the action to propagate to our systems and retry.","errors":[{"message":"Compute Engine API has not been used in project 8039494089 before or it is disabled. Enable it by visiting https://console.developers.google.com/apis/api/compute.googleapis.com/overview?project=8039494089 then retry. If you enabled this API recently, wait a few minutes for the action to propagate to our systems and retry.","domain":"usageLimits","reason":"accessNotConfigured","extendedHelp":"https://console.developers.google.com"}],"status":"PERMISSION_DENIED","details":[{"@type":"type.googleapis.com/google.rpc.ErrorInfo","reason":"SERVICE_DISABLED","domain":"googleapis.com","metadata":{"service":"compute.googleapis.com","containerInfo":"8039494089","activationUrl":"https://console.developers.google.com/apis/api/compute.googleapis.com/overview?project=8039494089","consumer":"projects/8039494089","serviceTitle":"Compute Engine API"}},{"@type":"type.googleapis.com/google.rpc.LocalizedMessage","locale":"en-US","message":"Compute Engine API has not been used in project 8039494089 before or it is disabled. Enable it by visiting https://console.developers.google.com/apis/api/compute.googleapis.com/overview?project=8039494089 then retry. If you enabled this API recently, wait a few minutes for the action to propagate to our systems and retry."},{"@type":"type.googleapis.com/google.rpc.Help","links":[{"description":"Google developers console API activation","url":"https://console.developers.google.com/apis/api/compute.googleapis.com/overview?project=8039494089"}]}]}},"response":{"statusCode":403}},"exit":1,"message":"Request to https://compute.googleapis.com/compute/v1/projects/8039494089 had HTTP Error: 403, Compute Engine API has not been used in project 8039494089 before or it is disabled. Enable it by visiting https://console.developers.google.com/apis/api/compute.googleapis.com/overview?project=8039494089 then retry. If you enabled this API recently, wait a few minutes for the action to propagate to our systems and retry.","status":403}
[debug] [2026-02-14T12:41:28.870Z] Checked if tokens are valid: true, expires at: 1771076033622
[debug] [2026-02-14T12:41:28.870Z] Checked if tokens are valid: true, expires at: 1771076033622
[debug] [2026-02-14T12:41:28.870Z] >>> [apiv2][query] GET https://cloudbilling.googleapis.com/v1/projects/chorequest-1c5b6/billingInfo [none]
[debug] [2026-02-14T12:41:29.165Z] <<< [apiv2][status] GET https://cloudbilling.googleapis.com/v1/projects/chorequest-1c5b6/billingInfo 200
[debug] [2026-02-14T12:41:29.165Z] <<< [apiv2][body] GET https://cloudbilling.googleapis.com/v1/projects/chorequest-1c5b6/billingInfo {"name":"projects/chorequest-1c5b6/billingInfo","projectId":"chorequest-1c5b6","billingAccountName":"billingAccounts/0139E5-928D97-A27B27","billingEnabled":true}
[debug] [2026-02-14T12:41:29.167Z] Checked if tokens are valid: true, expires at: 1771076033622
[debug] [2026-02-14T12:41:29.168Z] Checked if tokens are valid: true, expires at: 1771076033622
[debug] [2026-02-14T12:41:29.168Z] >>> [apiv2][query] POST https://cloudfunctions.googleapis.com/v2/projects/chorequest-1c5b6/locations/us-central1/functions:generateUploadUrl [none]
[debug] [2026-02-14T12:41:30.451Z] <<< [apiv2][status] POST https://cloudfunctions.googleapis.com/v2/projects/chorequest-1c5b6/locations/us-central1/functions:generateUploadUrl 200
[debug] [2026-02-14T12:41:30.451Z] <<< [apiv2][body] POST https://cloudfunctions.googleapis.com/v2/projects/chorequest-1c5b6/locations/us-central1/functions:generateUploadUrl {"uploadUrl":"https://storage.googleapis.com/gcf-v2-uploads-8039494089.us-central1.cloudfunctions.appspot.com/6dfb9655-64ff-49c9-ba56-96961a95ac35.zip?GoogleAccessId=service-8039494089@gcf-admin-robot.iam.gserviceaccount.com&Expires=1771074690&Signature=YLlLBWbW7G8HXdmlkafFNCAmnP%2B%2FAolUjOB0JejvAxU%2FfhpSsvN9zSIWxstY6JOdWcUs1wcW1%2Fs6Jc1pVo0Ga1cWpynHm5zylt9gT%2FCDWfGlWcj2IIFdV7D07s5EvkORtXQPxlYfhOcfF93rVkYGAAIYsskvBstUo9tfxTjYP41vQPDhXXdxnWDe7paxcMDIGNIAxMQ1ZIo5MHZr6TcaZVC8VQuqx2KEygLIFlU0pf%2FhE1DrUs0iCoIksUCzV4T1bdiV8XWuUBF%2FbEQ1rLQa%2BufrE%2FFPxXnkaMl3HlRPwLB8FP3W4LimTxnzbK4NUd8MHvw%2B51MlVn4XHAI16cuBow%3D%3D","storageSource":{"bucket":"gcf-v2-uploads-8039494089.us-central1.cloudfunctions.appspot.com","object":"6dfb9655-64ff-49c9-ba56-96961a95ac35.zip"}}
[debug] [2026-02-14T12:41:30.452Z] >>> [apiv2][query] PUT https://storage.googleapis.com/gcf-v2-uploads-8039494089.us-central1.cloudfunctions.appspot.com/6dfb9655-64ff-49c9-ba56-96961a95ac35.zip GoogleAccessId=service-8039494089%40gcf-admin-robot.iam.gserviceaccount.com&Expires=1771074690&Signature=YLlLBWbW7G8HXdmlkafFNCAmnP%2B%2FAolUjOB0JejvAxU%2FfhpSsvN9zSIWxstY6JOdWcUs1wcW1%2Fs6Jc1pVo0Ga1cWpynHm5zylt9gT%2FCDWfGlWcj2IIFdV7D07s5EvkORtXQPxlYfhOcfF93rVkYGAAIYsskvBstUo9tfxTjYP41vQPDhXXdxnWDe7paxcMDIGNIAxMQ1ZIo5MHZr6TcaZVC8VQuqx2KEygLIFlU0pf%2FhE1DrUs0iCoIksUCzV4T1bdiV8XWuUBF%2FbEQ1rLQa%2BufrE%2FFPxXnkaMl3HlRPwLB8FP3W4LimTxnzbK4NUd8MHvw%2B51MlVn4XHAI16cuBow%3D%3D
[debug] [2026-02-14T12:41:30.452Z] >>> [apiv2][body] PUT https://storage.googleapis.com/gcf-v2-uploads-8039494089.us-central1.cloudfunctions.appspot.com/6dfb9655-64ff-49c9-ba56-96961a95ac35.zip [stream]
[debug] [2026-02-14T12:41:30.985Z] <<< [apiv2][status] PUT https://storage.googleapis.com/gcf-v2-uploads-8039494089.us-central1.cloudfunctions.appspot.com/6dfb9655-64ff-49c9-ba56-96961a95ac35.zip 200
[debug] [2026-02-14T12:41:30.985Z] <<< [apiv2][body] PUT https://storage.googleapis.com/gcf-v2-uploads-8039494089.us-central1.cloudfunctions.appspot.com/6dfb9655-64ff-49c9-ba56-96961a95ac35.zip [omitted]
[info] +  functions: functions source uploaded successfully 
[info] i  functions: creating Node.js 22 (2nd Gen) function onguildupdate(us-central1)... 
[info] i  functions: creating Node.js 22 (2nd Gen) function scheduledreminders(us-central1)... 
[debug] [2026-02-14T12:41:31.004Z] Checked if tokens are valid: true, expires at: 1771076033622
[debug] [2026-02-14T12:41:31.004Z] Checked if tokens are valid: true, expires at: 1771076033622
[debug] [2026-02-14T12:41:31.005Z] >>> [apiv2][query] POST https://cloudfunctions.googleapis.com/v2/projects/chorequest-1c5b6/locations/us-central1/functions functionId=onguildupdate
[debug] [2026-02-14T12:41:31.005Z] >>> [apiv2][body] POST https://cloudfunctions.googleapis.com/v2/projects/chorequest-1c5b6/locations/us-central1/functions {"name":"projects/chorequest-1c5b6/locations/us-central1/functions/onguildupdate","buildConfig":{"runtime":"nodejs22","entryPoint":"onguildupdate","source":{"storageSource":{"bucket":"gcf-v2-uploads-8039494089.us-central1.cloudfunctions.appspot.com","object":"6dfb9655-64ff-49c9-ba56-96961a95ac35.zip"}},"environmentVariables":{"GOOGLE_NODE_RUN_SCRIPTS":""}},"serviceConfig":{"environmentVariables":{"FIREBASE_CONFIG":"{\"projectId\":\"chorequest-1c5b6\",\"storageBucket\":\"chorequest-1c5b6.firebasestorage.app\"}","GCLOUD_PROJECT":"chorequest-1c5b6","EVENTARC_CLOUD_EVENT_SOURCE":"projects/chorequest-1c5b6/locations/us-central1/services/onguildupdate","FUNCTION_SIGNATURE_TYPE":"cloudevent","FUNCTION_TARGET":"onguildupdate","LOG_EXECUTION_ID":"true"},"ingressSettings":null,"timeoutSeconds":null,"serviceAccountEmail":null,"availableMemory":"256Mi","minInstanceCount":null,"maxInstanceCount":null,"maxInstanceRequestConcurrency":80,"availableCpu":"1","vpcConnector":null,"vpcConnectorEgressSettings":null},"labels":{"deployment-tool":"cli-firebase","firebase-functions-hash":"bf36637784bd31229903d98aff16550933fcd4c2"},"eventTrigger":{"eventType":"google.cloud.firestore.document.v1.updated","retryPolicy":"RETRY_POLICY_DO_NOT_RETRY","eventFilters":[{"attribute":"database","value":"(default)"},{"attribute":"namespace","value":"(default)"},{"attribute":"document","value":"guilds/{guildId}","operator":"match-path-pattern"}],"triggerRegion":"eur3"}}
[debug] [2026-02-14T12:41:48.511Z] <<< [apiv2][status] POST https://cloudfunctions.googleapis.com/v2/projects/chorequest-1c5b6/locations/us-central1/functions 400
[debug] [2026-02-14T12:41:48.511Z] <<< [apiv2][body] POST https://cloudfunctions.googleapis.com/v2/projects/chorequest-1c5b6/locations/us-central1/functions {"error":{"code":400,"message":"Validation failed for trigger projects/chorequest-1c5b6/locations/eur3/triggers/onguildupdate-645168: Invalid resource state for \"\": Permission denied while using the Eventarc Service Agent. If you recently started to use Eventarc, it may take a few minutes before all necessary permissions are propagated to the Service Agent. Otherwise, verify that it has Eventarc Service Agent role.","status":"FAILED_PRECONDITION"}}
[warn] !  functions: Request to https://cloudfunctions.googleapis.com/v2/projects/chorequest-1c5b6/locations/us-central1/functions?functionId=onguildupdate had HTTP Error: 400, Validation failed for trigger projects/chorequest-1c5b6/locations/eur3/triggers/onguildupdate-645168: Invalid resource state for "": Permission denied while using the Eventarc Service Agent. If you recently started to use Eventarc, it may take a few minutes before all necessary permissions are propagated to the Service Agent. Otherwise, verify that it has Eventarc Service Agent role. 
[warn] !  functions: Since this is your first time using 2nd gen functions, we need a little bit longer to finish setting everything up. Retry the deployment in a few minutes. 
[warn] !  functions:  failed to create function projects/chorequest-1c5b6/locations/us-central1/functions/onguildupdate 
[error] Failed to create function projects/chorequest-1c5b6/locations/us-central1/functions/onguildupdate
[debug] [2026-02-14T12:41:48.516Z] Checked if tokens are valid: true, expires at: 1771076033622
[debug] [2026-02-14T12:41:48.516Z] Checked if tokens are valid: true, expires at: 1771076033622
[debug] [2026-02-14T12:41:48.516Z] >>> [apiv2][query] POST https://cloudfunctions.googleapis.com/v2/projects/chorequest-1c5b6/locations/us-central1/functions functionId=scheduledreminders
[debug] [2026-02-14T12:41:48.516Z] >>> [apiv2][body] POST https://cloudfunctions.googleapis.com/v2/projects/chorequest-1c5b6/locations/us-central1/functions {"name":"projects/chorequest-1c5b6/locations/us-central1/functions/scheduledreminders","buildConfig":{"runtime":"nodejs22","entryPoint":"scheduledreminders","source":{"storageSource":{"bucket":"gcf-v2-uploads-8039494089.us-central1.cloudfunctions.appspot.com","object":"6dfb9655-64ff-49c9-ba56-96961a95ac35.zip"}},"environmentVariables":{"GOOGLE_NODE_RUN_SCRIPTS":""}},"serviceConfig":{"environmentVariables":{"FIREBASE_CONFIG":"{\"projectId\":\"chorequest-1c5b6\",\"storageBucket\":\"chorequest-1c5b6.firebasestorage.app\"}","GCLOUD_PROJECT":"chorequest-1c5b6","EVENTARC_CLOUD_EVENT_SOURCE":"projects/chorequest-1c5b6/locations/us-central1/services/scheduledreminders","FUNCTION_TARGET":"scheduledreminders","LOG_EXECUTION_ID":"true"},"ingressSettings":null,"timeoutSeconds":null,"serviceAccountEmail":null,"availableMemory":"256Mi","minInstanceCount":null,"maxInstanceCount":null,"maxInstanceRequestConcurrency":80,"availableCpu":"1","vpcConnector":null,"vpcConnectorEgressSettings":null},"labels":{"deployment-tool":"cli-firebase","deployment-scheduled":"true","firebase-functions-hash":"bf36637784bd31229903d98aff16550933fcd4c2"}}
[debug] [2026-02-14T12:41:49.680Z] <<< [apiv2][status] POST https://cloudfunctions.googleapis.com/v2/projects/chorequest-1c5b6/locations/us-central1/functions 200
[debug] [2026-02-14T12:41:49.680Z] <<< [apiv2][body] POST https://cloudfunctions.googleapis.com/v2/projects/chorequest-1c5b6/locations/us-central1/functions {"name":"projects/chorequest-1c5b6/locations/us-central1/operations/operation-1771072909075-64ac80b9de4f3-eb5ae1c7-b221408d","metadata":{"@type":"type.googleapis.com/google.cloud.functions.v2.OperationMetadata","createTime":"2026-02-14T12:41:49.530674264Z","target":"projects/chorequest-1c5b6/locations/us-central1/functions/scheduledreminders","verb":"create","cancelRequested":false,"apiVersion":"v2"},"done":false}
[debug] [2026-02-14T12:41:49.681Z] Checked if tokens are valid: true, expires at: 1771076033622
[debug] [2026-02-14T12:41:49.681Z] Checked if tokens are valid: true, expires at: 1771076033622
[debug] [2026-02-14T12:41:49.682Z] >>> [apiv2][query] GET https://cloudfunctions.googleapis.com/v2/projects/chorequest-1c5b6/locations/us-central1/operations/operation-1771072909075-64ac80b9de4f3-eb5ae1c7-b221408d [none]
[debug] [2026-02-14T12:41:50.400Z] <<< [apiv2][status] GET https://cloudfunctions.googleapis.com/v2/projects/chorequest-1c5b6/locations/us-central1/operations/operation-1771072909075-64ac80b9de4f3-eb5ae1c7-b221408d 200
[debug] [2026-02-14T12:41:50.400Z] <<< [apiv2][body] GET https://cloudfunctions.googleapis.com/v2/projects/chorequest-1c5b6/locations/us-central1/operations/operation-1771072909075-64ac80b9de4f3-eb5ae1c7-b221408d {"name":"projects/chorequest-1c5b6/locations/us-central1/operations/operation-1771072909075-64ac80b9de4f3-eb5ae1c7-b221408d","metadata":{"@type":"type.googleapis.com/google.cloud.functions.v2.OperationMetadata","createTime":"2026-02-14T12:41:49.530674264Z","target":"projects/chorequest-1c5b6/locations/us-central1/functions/scheduledreminders","verb":"create","cancelRequested":false,"apiVersion":"v2","requestResource":{"@type":"type.googleapis.com/google.cloud.functions.v2.Function","name":"projects/chorequest-1c5b6/locations/us-central1/functions/scheduledreminders","buildConfig":{"runtime":"nodejs22","entryPoint":"scheduledreminders","source":{"storageSource":{"bucket":"gcf-v2-sources-8039494089-us-central1","object":"scheduledreminders/function-source.zip","generation":"1771072909317587"}},"environmentVariables":{"GOOGLE_NODE_RUN_SCRIPTS":""},"serviceAccount":"projects/chorequest-1c5b6/serviceAccounts/8039494089-compute@developer.gserviceaccount.com","automaticUpdatePolicy":{}},"serviceConfig":{"service":"projects/chorequest-1c5b6/locations/us-central1/services/scheduledreminders","timeoutSeconds":60,"environmentVariables":{"FIREBASE_CONFIG":"{\"projectId\":\"chorequest-1c5b6\",\"storageBucket\":\"chorequest-1c5b6.firebasestorage.app\"}","GCLOUD_PROJECT":"chorequest-1c5b6","EVENTARC_CLOUD_EVENT_SOURCE":"projects/chorequest-1c5b6/locations/us-central1/services/scheduledreminders","FUNCTION_TARGET":"scheduledreminders","LOG_EXECUTION_ID":"true"},"ingressSettings":"ALLOW_ALL","serviceAccountEmail":"8039494089-compute@developer.gserviceaccount.com","availableMemory":"256Mi","maxInstanceRequestConcurrency":80,"availableCpu":"1"},"labels":{"deployment-tool":"cli-firebase","deployment-scheduled":"true","firebase-functions-hash":"bf36637784bd31229903d98aff16550933fcd4c2"},"environment":"GEN_2"},"stages":[{"name":"BUILD","state":"NOT_STARTED"},{"name":"SERVICE","state":"NOT_STARTED"}],"operationType":"CREATE_FUNCTION"},"done":false}
[debug] [2026-02-14T12:41:50.904Z] [create-default-us-central1-scheduledreminders] Retrying task index 0
[debug] [2026-02-14T12:41:50.905Z] Checked if tokens are valid: true, expires at: 1771076033622
[debug] [2026-02-14T12:41:50.905Z] Checked if tokens are valid: true, expires at: 1771076033622
[debug] [2026-02-14T12:41:50.905Z] >>> [apiv2][query] GET https://cloudfunctions.googleapis.com/v2/projects/chorequest-1c5b6/locations/us-central1/operations/operation-1771072909075-64ac80b9de4f3-eb5ae1c7-b221408d [none]
[debug] [2026-02-14T12:41:51.602Z] <<< [apiv2][status] GET https://cloudfunctions.googleapis.com/v2/projects/chorequest-1c5b6/locations/us-central1/operations/operation-1771072909075-64ac80b9de4f3-eb5ae1c7-b221408d 200
[debug] [2026-02-14T12:41:51.602Z] <<< [apiv2][body] GET https://cloudfunctions.googleapis.com/v2/projects/chorequest-1c5b6/locations/us-central1/operations/operation-1771072909075-64ac80b9de4f3-eb5ae1c7-b221408d {"name":"projects/chorequest-1c5b6/locations/us-central1/operations/operation-1771072909075-64ac80b9de4f3-eb5ae1c7-b221408d","metadata":{"@type":"type.googleapis.com/google.cloud.functions.v2.OperationMetadata","createTime":"2026-02-14T12:41:49.530674264Z","target":"projects/chorequest-1c5b6/locations/us-central1/functions/scheduledreminders","verb":"create","cancelRequested":false,"apiVersion":"v2","requestResource":{"@type":"type.googleapis.com/google.cloud.functions.v2.Function","name":"projects/chorequest-1c5b6/locations/us-central1/functions/scheduledreminders","buildConfig":{"runtime":"nodejs22","entryPoint":"scheduledreminders","source":{"storageSource":{"bucket":"gcf-v2-sources-8039494089-us-central1","object":"scheduledreminders/function-source.zip","generation":"1771072909317587"}},"environmentVariables":{"GOOGLE_NODE_RUN_SCRIPTS":""},"serviceAccount":"projects/chorequest-1c5b6/serviceAccounts/8039494089-compute@developer.gserviceaccount.com","automaticUpdatePolicy":{}},"serviceConfig":{"service":"projects/chorequest-1c5b6/locations/us-central1/services/scheduledreminders","timeoutSeconds":60,"environmentVariables":{"FIREBASE_CONFIG":"{\"projectId\":\"chorequest-1c5b6\",\"storageBucket\":\"chorequest-1c5b6.firebasestorage.app\"}","GCLOUD_PROJECT":"chorequest-1c5b6","EVENTARC_CLOUD_EVENT_SOURCE":"projects/chorequest-1c5b6/locations/us-central1/services/scheduledreminders","FUNCTION_TARGET":"scheduledreminders","LOG_EXECUTION_ID":"true"},"ingressSettings":"ALLOW_ALL","serviceAccountEmail":"8039494089-compute@developer.gserviceaccount.com","availableMemory":"256Mi","maxInstanceRequestConcurrency":80,"availableCpu":"1"},"labels":{"deployment-tool":"cli-firebase","deployment-scheduled":"true","firebase-functions-hash":"bf36637784bd31229903d98aff16550933fcd4c2"},"environment":"GEN_2"},"stages":[{"name":"BUILD","state":"NOT_STARTED"},{"name":"SERVICE","state":"NOT_STARTED"}],"operationType":"CREATE_FUNCTION"},"done":false}
[debug] [2026-02-14T12:41:52.616Z] [create-default-us-central1-scheduledreminders] Retrying task index 0
[debug] [2026-02-14T12:41:52.617Z] Checked if tokens are valid: true, expires at: 1771076033622
[debug] [2026-02-14T12:41:52.617Z] Checked if tokens are valid: true, expires at: 1771076033622
[debug] [2026-02-14T12:41:52.618Z] >>> [apiv2][query] GET https://cloudfunctions.googleapis.com/v2/projects/chorequest-1c5b6/locations/us-central1/operations/operation-1771072909075-64ac80b9de4f3-eb5ae1c7-b221408d [none]
[debug] [2026-02-14T12:41:53.364Z] <<< [apiv2][status] GET https://cloudfunctions.googleapis.com/v2/projects/chorequest-1c5b6/locations/us-central1/operations/operation-1771072909075-64ac80b9de4f3-eb5ae1c7-b221408d 200
[debug] [2026-02-14T12:41:53.365Z] <<< [apiv2][body] GET https://cloudfunctions.googleapis.com/v2/projects/chorequest-1c5b6/locations/us-central1/operations/operation-1771072909075-64ac80b9de4f3-eb5ae1c7-b221408d {"name":"projects/chorequest-1c5b6/locations/us-central1/operations/operation-1771072909075-64ac80b9de4f3-eb5ae1c7-b221408d","metadata":{"@type":"type.googleapis.com/google.cloud.functions.v2.OperationMetadata","createTime":"2026-02-14T12:41:49.530674264Z","target":"projects/chorequest-1c5b6/locations/us-central1/functions/scheduledreminders","verb":"create","cancelRequested":false,"apiVersion":"v2","requestResource":{"@type":"type.googleapis.com/google.cloud.functions.v2.Function","name":"projects/chorequest-1c5b6/locations/us-central1/functions/scheduledreminders","buildConfig":{"runtime":"nodejs22","entryPoint":"scheduledreminders","source":{"storageSource":{"bucket":"gcf-v2-sources-8039494089-us-central1","object":"scheduledreminders/function-source.zip","generation":"1771072909317587"}},"environmentVariables":{"GOOGLE_NODE_RUN_SCRIPTS":""},"serviceAccount":"projects/chorequest-1c5b6/serviceAccounts/8039494089-compute@developer.gserviceaccount.com","automaticUpdatePolicy":{}},"serviceConfig":{"service":"projects/chorequest-1c5b6/locations/us-central1/services/scheduledreminders","timeoutSeconds":60,"environmentVariables":{"FIREBASE_CONFIG":"{\"projectId\":\"chorequest-1c5b6\",\"storageBucket\":\"chorequest-1c5b6.firebasestorage.app\"}","GCLOUD_PROJECT":"chorequest-1c5b6","EVENTARC_CLOUD_EVENT_SOURCE":"projects/chorequest-1c5b6/locations/us-central1/services/scheduledreminders","FUNCTION_TARGET":"scheduledreminders","LOG_EXECUTION_ID":"true"},"ingressSettings":"ALLOW_ALL","serviceAccountEmail":"8039494089-compute@developer.gserviceaccount.com","availableMemory":"256Mi","maxInstanceRequestConcurrency":80,"availableCpu":"1"},"labels":{"deployment-tool":"cli-firebase","deployment-scheduled":"true","firebase-functions-hash":"bf36637784bd31229903d98aff16550933fcd4c2"},"environment":"GEN_2"},"stages":[{"name":"BUILD","state":"NOT_STARTED"},{"name":"SERVICE","state":"NOT_STARTED"}],"operationType":"CREATE_FUNCTION"},"done":false}
[debug] [2026-02-14T12:41:55.369Z] [create-default-us-central1-scheduledreminders] Retrying task index 0
[debug] [2026-02-14T12:41:55.370Z] Checked if tokens are valid: true, expires at: 1771076033622
[debug] [2026-02-14T12:41:55.370Z] Checked if tokens are valid: true, expires at: 1771076033622
[debug] [2026-02-14T12:41:55.370Z] >>> [apiv2][query] GET https://cloudfunctions.googleapis.com/v2/projects/chorequest-1c5b6/locations/us-central1/operations/operation-1771072909075-64ac80b9de4f3-eb5ae1c7-b221408d [none]
[debug] [2026-02-14T12:41:55.561Z] <<< [apiv2][status] GET https://cloudfunctions.googleapis.com/v2/projects/chorequest-1c5b6/locations/us-central1/operations/operation-1771072909075-64ac80b9de4f3-eb5ae1c7-b221408d 200
[debug] [2026-02-14T12:41:55.561Z] <<< [apiv2][body] GET https://cloudfunctions.googleapis.com/v2/projects/chorequest-1c5b6/locations/us-central1/operations/operation-1771072909075-64ac80b9de4f3-eb5ae1c7-b221408d {"name":"projects/chorequest-1c5b6/locations/us-central1/operations/operation-1771072909075-64ac80b9de4f3-eb5ae1c7-b221408d","metadata":{"@type":"type.googleapis.com/google.cloud.functions.v2.OperationMetadata","createTime":"2026-02-14T12:41:49.530674264Z","target":"projects/chorequest-1c5b6/locations/us-central1/functions/scheduledreminders","verb":"create","cancelRequested":false,"apiVersion":"v2","requestResource":{"@type":"type.googleapis.com/google.cloud.functions.v2.Function","name":"projects/chorequest-1c5b6/locations/us-central1/functions/scheduledreminders","buildConfig":{"runtime":"nodejs22","entryPoint":"scheduledreminders","source":{"storageSource":{"bucket":"gcf-v2-sources-8039494089-us-central1","object":"scheduledreminders/function-source.zip","generation":"1771072909317587"}},"environmentVariables":{"GOOGLE_NODE_RUN_SCRIPTS":""},"serviceAccount":"projects/chorequest-1c5b6/serviceAccounts/8039494089-compute@developer.gserviceaccount.com","automaticUpdatePolicy":{}},"serviceConfig":{"service":"projects/chorequest-1c5b6/locations/us-central1/services/scheduledreminders","timeoutSeconds":60,"environmentVariables":{"FIREBASE_CONFIG":"{\"projectId\":\"chorequest-1c5b6\",\"storageBucket\":\"chorequest-1c5b6.firebasestorage.app\"}","GCLOUD_PROJECT":"chorequest-1c5b6","EVENTARC_CLOUD_EVENT_SOURCE":"projects/chorequest-1c5b6/locations/us-central1/services/scheduledreminders","FUNCTION_TARGET":"scheduledreminders","LOG_EXECUTION_ID":"true"},"ingressSettings":"ALLOW_ALL","serviceAccountEmail":"8039494089-compute@developer.gserviceaccount.com","availableMemory":"256Mi","maxInstanceRequestConcurrency":80,"availableCpu":"1"},"labels":{"deployment-tool":"cli-firebase","deployment-scheduled":"true","firebase-functions-hash":"bf36637784bd31229903d98aff16550933fcd4c2"},"environment":"GEN_2"},"stages":[{"name":"BUILD","state":"NOT_STARTED"},{"name":"SERVICE","state":"NOT_STARTED"}],"operationType":"CREATE_FUNCTION"},"done":false}
[debug] [2026-02-14T12:41:59.574Z] [create-default-us-central1-scheduledreminders] Retrying task index 0
[debug] [2026-02-14T12:41:59.575Z] Checked if tokens are valid: true, expires at: 1771076033622
[debug] [2026-02-14T12:41:59.575Z] Checked if tokens are valid: true, expires at: 1771076033622
[debug] [2026-02-14T12:41:59.575Z] >>> [apiv2][query] GET https://cloudfunctions.googleapis.com/v2/projects/chorequest-1c5b6/locations/us-central1/operations/operation-1771072909075-64ac80b9de4f3-eb5ae1c7-b221408d [none]
[debug] [2026-02-14T12:42:00.515Z] <<< [apiv2][status] GET https://cloudfunctions.googleapis.com/v2/projects/chorequest-1c5b6/locations/us-central1/operations/operation-1771072909075-64ac80b9de4f3-eb5ae1c7-b221408d 200
[debug] [2026-02-14T12:42:00.515Z] <<< [apiv2][body] GET https://cloudfunctions.googleapis.com/v2/projects/chorequest-1c5b6/locations/us-central1/operations/operation-1771072909075-64ac80b9de4f3-eb5ae1c7-b221408d {"name":"projects/chorequest-1c5b6/locations/us-central1/operations/operation-1771072909075-64ac80b9de4f3-eb5ae1c7-b221408d","metadata":{"@type":"type.googleapis.com/google.cloud.functions.v2.OperationMetadata","createTime":"2026-02-14T12:41:49.530674264Z","target":"projects/chorequest-1c5b6/locations/us-central1/functions/scheduledreminders","verb":"create","cancelRequested":false,"apiVersion":"v2","requestResource":{"@type":"type.googleapis.com/google.cloud.functions.v2.Function","name":"projects/chorequest-1c5b6/locations/us-central1/functions/scheduledreminders","buildConfig":{"runtime":"nodejs22","entryPoint":"scheduledreminders","source":{"storageSource":{"bucket":"gcf-v2-sources-8039494089-us-central1","object":"scheduledreminders/function-source.zip","generation":"1771072909317587"}},"environmentVariables":{"GOOGLE_NODE_RUN_SCRIPTS":""},"serviceAccount":"projects/chorequest-1c5b6/serviceAccounts/8039494089-compute@developer.gserviceaccount.com","automaticUpdatePolicy":{}},"serviceConfig":{"service":"projects/chorequest-1c5b6/locations/us-central1/services/scheduledreminders","timeoutSeconds":60,"environmentVariables":{"FIREBASE_CONFIG":"{\"projectId\":\"chorequest-1c5b6\",\"storageBucket\":\"chorequest-1c5b6.firebasestorage.app\"}","GCLOUD_PROJECT":"chorequest-1c5b6","EVENTARC_CLOUD_EVENT_SOURCE":"projects/chorequest-1c5b6/locations/us-central1/services/scheduledreminders","FUNCTION_TARGET":"scheduledreminders","LOG_EXECUTION_ID":"true"},"ingressSettings":"ALLOW_ALL","serviceAccountEmail":"8039494089-compute@developer.gserviceaccount.com","availableMemory":"256Mi","maxInstanceRequestConcurrency":80,"availableCpu":"1"},"labels":{"deployment-tool":"cli-firebase","deployment-scheduled":"true","firebase-functions-hash":"bf36637784bd31229903d98aff16550933fcd4c2"},"environment":"GEN_2"},"stages":[{"name":"BUILD","state":"NOT_STARTED"},{"name":"SERVICE","state":"NOT_STARTED"}],"operationType":"CREATE_FUNCTION"},"done":false}
[debug] [2026-02-14T12:42:08.522Z] [create-default-us-central1-scheduledreminders] Retrying task index 0
[debug] [2026-02-14T12:42:08.524Z] Checked if tokens are valid: true, expires at: 1771076033622
[debug] [2026-02-14T12:42:08.524Z] Checked if tokens are valid: true, expires at: 1771076033622
[debug] [2026-02-14T12:42:08.525Z] >>> [apiv2][query] GET https://cloudfunctions.googleapis.com/v2/projects/chorequest-1c5b6/locations/us-central1/operations/operation-1771072909075-64ac80b9de4f3-eb5ae1c7-b221408d [none]
[debug] [2026-02-14T12:42:09.294Z] <<< [apiv2][status] GET https://cloudfunctions.googleapis.com/v2/projects/chorequest-1c5b6/locations/us-central1/operations/operation-1771072909075-64ac80b9de4f3-eb5ae1c7-b221408d 200
[debug] [2026-02-14T12:42:09.294Z] <<< [apiv2][body] GET https://cloudfunctions.googleapis.com/v2/projects/chorequest-1c5b6/locations/us-central1/operations/operation-1771072909075-64ac80b9de4f3-eb5ae1c7-b221408d {"name":"projects/chorequest-1c5b6/locations/us-central1/operations/operation-1771072909075-64ac80b9de4f3-eb5ae1c7-b221408d","metadata":{"@type":"type.googleapis.com/google.cloud.functions.v2.OperationMetadata","createTime":"2026-02-14T12:41:49.530674264Z","target":"projects/chorequest-1c5b6/locations/us-central1/functions/scheduledreminders","verb":"create","cancelRequested":false,"apiVersion":"v2","requestResource":{"@type":"type.googleapis.com/google.cloud.functions.v2.Function","name":"projects/chorequest-1c5b6/locations/us-central1/functions/scheduledreminders","buildConfig":{"runtime":"nodejs22","entryPoint":"scheduledreminders","source":{"storageSource":{"bucket":"gcf-v2-sources-8039494089-us-central1","object":"scheduledreminders/function-source.zip","generation":"1771072909317587"}},"environmentVariables":{"GOOGLE_NODE_RUN_SCRIPTS":""},"serviceAccount":"projects/chorequest-1c5b6/serviceAccounts/8039494089-compute@developer.gserviceaccount.com","automaticUpdatePolicy":{}},"serviceConfig":{"service":"projects/chorequest-1c5b6/locations/us-central1/services/scheduledreminders","timeoutSeconds":60,"environmentVariables":{"FIREBASE_CONFIG":"{\"projectId\":\"chorequest-1c5b6\",\"storageBucket\":\"chorequest-1c5b6.firebasestorage.app\"}","GCLOUD_PROJECT":"chorequest-1c5b6","EVENTARC_CLOUD_EVENT_SOURCE":"projects/chorequest-1c5b6/locations/us-central1/services/scheduledreminders","FUNCTION_TARGET":"scheduledreminders","LOG_EXECUTION_ID":"true"},"ingressSettings":"ALLOW_ALL","serviceAccountEmail":"8039494089-compute@developer.gserviceaccount.com","availableMemory":"256Mi","maxInstanceRequestConcurrency":80,"availableCpu":"1"},"labels":{"deployment-tool":"cli-firebase","deployment-scheduled":"true","firebase-functions-hash":"bf36637784bd31229903d98aff16550933fcd4c2"},"environment":"GEN_2"},"stages":[{"name":"BUILD","message":"Build in progress","state":"IN_PROGRESS","resource":"projects/8039494089/locations/us-central1/builds/546297cb-7afd-48d0-94a8-ab823349f4f4","resourceUri":"https://console.cloud.google.com/cloud-build/builds;region=us-central1/546297cb-7afd-48d0-94a8-ab823349f4f4?project=8039494089"},{"name":"SERVICE","state":"NOT_STARTED"}],"operationType":"CREATE_FUNCTION","buildName":"projects/8039494089/locations/us-central1/builds/546297cb-7afd-48d0-94a8-ab823349f4f4"},"done":false}
[debug] [2026-02-14T12:42:19.306Z] [create-default-us-central1-scheduledreminders] Retrying task index 0
[debug] [2026-02-14T12:42:19.306Z] Checked if tokens are valid: true, expires at: 1771076033622
[debug] [2026-02-14T12:42:19.306Z] Checked if tokens are valid: true, expires at: 1771076033622
[debug] [2026-02-14T12:42:19.307Z] >>> [apiv2][query] GET https://cloudfunctions.googleapis.com/v2/projects/chorequest-1c5b6/locations/us-central1/operations/operation-1771072909075-64ac80b9de4f3-eb5ae1c7-b221408d [none]
[debug] [2026-02-14T12:42:20.063Z] <<< [apiv2][status] GET https://cloudfunctions.googleapis.com/v2/projects/chorequest-1c5b6/locations/us-central1/operations/operation-1771072909075-64ac80b9de4f3-eb5ae1c7-b221408d 200
[debug] [2026-02-14T12:42:20.064Z] <<< [apiv2][body] GET https://cloudfunctions.googleapis.com/v2/projects/chorequest-1c5b6/locations/us-central1/operations/operation-1771072909075-64ac80b9de4f3-eb5ae1c7-b221408d {"name":"projects/chorequest-1c5b6/locations/us-central1/operations/operation-1771072909075-64ac80b9de4f3-eb5ae1c7-b221408d","metadata":{"@type":"type.googleapis.com/google.cloud.functions.v2.OperationMetadata","createTime":"2026-02-14T12:41:49.530674264Z","target":"projects/chorequest-1c5b6/locations/us-central1/functions/scheduledreminders","verb":"create","cancelRequested":false,"apiVersion":"v2","requestResource":{"@type":"type.googleapis.com/google.cloud.functions.v2.Function","name":"projects/chorequest-1c5b6/locations/us-central1/functions/scheduledreminders","buildConfig":{"runtime":"nodejs22","entryPoint":"scheduledreminders","source":{"storageSource":{"bucket":"gcf-v2-sources-8039494089-us-central1","object":"scheduledreminders/function-source.zip","generation":"1771072909317587"}},"environmentVariables":{"GOOGLE_NODE_RUN_SCRIPTS":""},"serviceAccount":"projects/chorequest-1c5b6/serviceAccounts/8039494089-compute@developer.gserviceaccount.com","automaticUpdatePolicy":{}},"serviceConfig":{"service":"projects/chorequest-1c5b6/locations/us-central1/services/scheduledreminders","timeoutSeconds":60,"environmentVariables":{"FIREBASE_CONFIG":"{\"projectId\":\"chorequest-1c5b6\",\"storageBucket\":\"chorequest-1c5b6.firebasestorage.app\"}","GCLOUD_PROJECT":"chorequest-1c5b6","EVENTARC_CLOUD_EVENT_SOURCE":"projects/chorequest-1c5b6/locations/us-central1/services/scheduledreminders","FUNCTION_TARGET":"scheduledreminders","LOG_EXECUTION_ID":"true"},"ingressSettings":"ALLOW_ALL","serviceAccountEmail":"8039494089-compute@developer.gserviceaccount.com","availableMemory":"256Mi","maxInstanceRequestConcurrency":80,"availableCpu":"1"},"labels":{"deployment-tool":"cli-firebase","deployment-scheduled":"true","firebase-functions-hash":"bf36637784bd31229903d98aff16550933fcd4c2"},"environment":"GEN_2"},"stages":[{"name":"BUILD","message":"Build in progress","state":"IN_PROGRESS","resource":"projects/8039494089/locations/us-central1/builds/546297cb-7afd-48d0-94a8-ab823349f4f4","resourceUri":"https://console.cloud.google.com/cloud-build/builds;region=us-central1/546297cb-7afd-48d0-94a8-ab823349f4f4?project=8039494089"},{"name":"SERVICE","state":"NOT_STARTED"}],"operationType":"CREATE_FUNCTION","buildName":"projects/8039494089/locations/us-central1/builds/546297cb-7afd-48d0-94a8-ab823349f4f4"},"done":false}
[debug] [2026-02-14T12:42:30.069Z] [create-default-us-central1-scheduledreminders] Retrying task index 0
[debug] [2026-02-14T12:42:30.069Z] Checked if tokens are valid: true, expires at: 1771076033622
[debug] [2026-02-14T12:42:30.069Z] Checked if tokens are valid: true, expires at: 1771076033622
[debug] [2026-02-14T12:42:30.069Z] >>> [apiv2][query] GET https://cloudfunctions.googleapis.com/v2/projects/chorequest-1c5b6/locations/us-central1/operations/operation-1771072909075-64ac80b9de4f3-eb5ae1c7-b221408d [none]
[debug] [2026-02-14T12:42:30.834Z] <<< [apiv2][status] GET https://cloudfunctions.googleapis.com/v2/projects/chorequest-1c5b6/locations/us-central1/operations/operation-1771072909075-64ac80b9de4f3-eb5ae1c7-b221408d 200
[debug] [2026-02-14T12:42:30.835Z] <<< [apiv2][body] GET https://cloudfunctions.googleapis.com/v2/projects/chorequest-1c5b6/locations/us-central1/operations/operation-1771072909075-64ac80b9de4f3-eb5ae1c7-b221408d {"name":"projects/chorequest-1c5b6/locations/us-central1/operations/operation-1771072909075-64ac80b9de4f3-eb5ae1c7-b221408d","metadata":{"@type":"type.googleapis.com/google.cloud.functions.v2.OperationMetadata","createTime":"2026-02-14T12:41:49.530674264Z","target":"projects/chorequest-1c5b6/locations/us-central1/functions/scheduledreminders","verb":"create","cancelRequested":false,"apiVersion":"v2","requestResource":{"@type":"type.googleapis.com/google.cloud.functions.v2.Function","name":"projects/chorequest-1c5b6/locations/us-central1/functions/scheduledreminders","buildConfig":{"runtime":"nodejs22","entryPoint":"scheduledreminders","source":{"storageSource":{"bucket":"gcf-v2-sources-8039494089-us-central1","object":"scheduledreminders/function-source.zip","generation":"1771072909317587"}},"environmentVariables":{"GOOGLE_NODE_RUN_SCRIPTS":""},"serviceAccount":"projects/chorequest-1c5b6/serviceAccounts/8039494089-compute@developer.gserviceaccount.com","automaticUpdatePolicy":{}},"serviceConfig":{"service":"projects/chorequest-1c5b6/locations/us-central1/services/scheduledreminders","timeoutSeconds":60,"environmentVariables":{"FIREBASE_CONFIG":"{\"projectId\":\"chorequest-1c5b6\",\"storageBucket\":\"chorequest-1c5b6.firebasestorage.app\"}","GCLOUD_PROJECT":"chorequest-1c5b6","EVENTARC_CLOUD_EVENT_SOURCE":"projects/chorequest-1c5b6/locations/us-central1/services/scheduledreminders","FUNCTION_TARGET":"scheduledreminders","LOG_EXECUTION_ID":"true"},"ingressSettings":"ALLOW_ALL","serviceAccountEmail":"8039494089-compute@developer.gserviceaccount.com","availableMemory":"256Mi","maxInstanceRequestConcurrency":80,"availableCpu":"1"},"labels":{"deployment-tool":"cli-firebase","deployment-scheduled":"true","firebase-functions-hash":"bf36637784bd31229903d98aff16550933fcd4c2"},"environment":"GEN_2"},"stages":[{"name":"BUILD","message":"Build in progress","state":"IN_PROGRESS","resource":"projects/8039494089/locations/us-central1/builds/546297cb-7afd-48d0-94a8-ab823349f4f4","resourceUri":"https://console.cloud.google.com/cloud-build/builds;region=us-central1/546297cb-7afd-48d0-94a8-ab823349f4f4?project=8039494089"},{"name":"SERVICE","state":"NOT_STARTED"}],"operationType":"CREATE_FUNCTION","buildName":"projects/8039494089/locations/us-central1/builds/546297cb-7afd-48d0-94a8-ab823349f4f4"},"done":false}
[debug] [2026-02-14T12:42:40.851Z] [create-default-us-central1-scheduledreminders] Retrying task index 0
[debug] [2026-02-14T12:42:40.851Z] Checked if tokens are valid: true, expires at: 1771076033622
[debug] [2026-02-14T12:42:40.851Z] Checked if tokens are valid: true, expires at: 1771076033622
[debug] [2026-02-14T12:42:40.852Z] >>> [apiv2][query] GET https://cloudfunctions.googleapis.com/v2/projects/chorequest-1c5b6/locations/us-central1/operations/operation-1771072909075-64ac80b9de4f3-eb5ae1c7-b221408d [none]
[debug] [2026-02-14T12:42:41.653Z] <<< [apiv2][status] GET https://cloudfunctions.googleapis.com/v2/projects/chorequest-1c5b6/locations/us-central1/operations/operation-1771072909075-64ac80b9de4f3-eb5ae1c7-b221408d 200
[debug] [2026-02-14T12:42:41.653Z] <<< [apiv2][body] GET https://cloudfunctions.googleapis.com/v2/projects/chorequest-1c5b6/locations/us-central1/operations/operation-1771072909075-64ac80b9de4f3-eb5ae1c7-b221408d {"name":"projects/chorequest-1c5b6/locations/us-central1/operations/operation-1771072909075-64ac80b9de4f3-eb5ae1c7-b221408d","metadata":{"@type":"type.googleapis.com/google.cloud.functions.v2.OperationMetadata","createTime":"2026-02-14T12:41:49.530674264Z","target":"projects/chorequest-1c5b6/locations/us-central1/functions/scheduledreminders","verb":"create","cancelRequested":false,"apiVersion":"v2","requestResource":{"@type":"type.googleapis.com/google.cloud.functions.v2.Function","name":"projects/chorequest-1c5b6/locations/us-central1/functions/scheduledreminders","buildConfig":{"runtime":"nodejs22","entryPoint":"scheduledreminders","source":{"storageSource":{"bucket":"gcf-v2-sources-8039494089-us-central1","object":"scheduledreminders/function-source.zip","generation":"1771072909317587"}},"environmentVariables":{"GOOGLE_NODE_RUN_SCRIPTS":""},"serviceAccount":"projects/chorequest-1c5b6/serviceAccounts/8039494089-compute@developer.gserviceaccount.com","automaticUpdatePolicy":{}},"serviceConfig":{"service":"projects/chorequest-1c5b6/locations/us-central1/services/scheduledreminders","timeoutSeconds":60,"environmentVariables":{"FIREBASE_CONFIG":"{\"projectId\":\"chorequest-1c5b6\",\"storageBucket\":\"chorequest-1c5b6.firebasestorage.app\"}","GCLOUD_PROJECT":"chorequest-1c5b6","EVENTARC_CLOUD_EVENT_SOURCE":"projects/chorequest-1c5b6/locations/us-central1/services/scheduledreminders","FUNCTION_TARGET":"scheduledreminders","LOG_EXECUTION_ID":"true"},"ingressSettings":"ALLOW_ALL","serviceAccountEmail":"8039494089-compute@developer.gserviceaccount.com","availableMemory":"256Mi","maxInstanceRequestConcurrency":80,"availableCpu":"1"},"labels":{"deployment-tool":"cli-firebase","deployment-scheduled":"true","firebase-functions-hash":"bf36637784bd31229903d98aff16550933fcd4c2"},"environment":"GEN_2"},"stages":[{"name":"BUILD","message":"Build in progress","state":"IN_PROGRESS","resource":"projects/8039494089/locations/us-central1/builds/546297cb-7afd-48d0-94a8-ab823349f4f4","resourceUri":"https://console.cloud.google.com/cloud-build/builds;region=us-central1/546297cb-7afd-48d0-94a8-ab823349f4f4?project=8039494089"},{"name":"SERVICE","state":"NOT_STARTED"}],"operationType":"CREATE_FUNCTION","buildName":"projects/8039494089/locations/us-central1/builds/546297cb-7afd-48d0-94a8-ab823349f4f4"},"done":false}
[debug] [2026-02-14T12:42:51.667Z] [create-default-us-central1-scheduledreminders] Retrying task index 0
[debug] [2026-02-14T12:42:51.668Z] Checked if tokens are valid: true, expires at: 1771076033622
[debug] [2026-02-14T12:42:51.668Z] Checked if tokens are valid: true, expires at: 1771076033622
[debug] [2026-02-14T12:42:51.668Z] >>> [apiv2][query] GET https://cloudfunctions.googleapis.com/v2/projects/chorequest-1c5b6/locations/us-central1/operations/operation-1771072909075-64ac80b9de4f3-eb5ae1c7-b221408d [none]
[debug] [2026-02-14T12:42:52.414Z] <<< [apiv2][status] GET https://cloudfunctions.googleapis.com/v2/projects/chorequest-1c5b6/locations/us-central1/operations/operation-1771072909075-64ac80b9de4f3-eb5ae1c7-b221408d 200
[debug] [2026-02-14T12:42:52.415Z] <<< [apiv2][body] GET https://cloudfunctions.googleapis.com/v2/projects/chorequest-1c5b6/locations/us-central1/operations/operation-1771072909075-64ac80b9de4f3-eb5ae1c7-b221408d {"name":"projects/chorequest-1c5b6/locations/us-central1/operations/operation-1771072909075-64ac80b9de4f3-eb5ae1c7-b221408d","metadata":{"@type":"type.googleapis.com/google.cloud.functions.v2.OperationMetadata","createTime":"2026-02-14T12:41:49.530674264Z","target":"projects/chorequest-1c5b6/locations/us-central1/functions/scheduledreminders","verb":"create","cancelRequested":false,"apiVersion":"v2","requestResource":{"@type":"type.googleapis.com/google.cloud.functions.v2.Function","name":"projects/chorequest-1c5b6/locations/us-central1/functions/scheduledreminders","buildConfig":{"runtime":"nodejs22","entryPoint":"scheduledreminders","source":{"storageSource":{"bucket":"gcf-v2-sources-8039494089-us-central1","object":"scheduledreminders/function-source.zip","generation":"1771072909317587"}},"environmentVariables":{"GOOGLE_NODE_RUN_SCRIPTS":""},"serviceAccount":"projects/chorequest-1c5b6/serviceAccounts/8039494089-compute@developer.gserviceaccount.com","automaticUpdatePolicy":{}},"serviceConfig":{"service":"projects/chorequest-1c5b6/locations/us-central1/services/scheduledreminders","timeoutSeconds":60,"environmentVariables":{"FIREBASE_CONFIG":"{\"projectId\":\"chorequest-1c5b6\",\"storageBucket\":\"chorequest-1c5b6.firebasestorage.app\"}","GCLOUD_PROJECT":"chorequest-1c5b6","EVENTARC_CLOUD_EVENT_SOURCE":"projects/chorequest-1c5b6/locations/us-central1/services/scheduledreminders","FUNCTION_TARGET":"scheduledreminders","LOG_EXECUTION_ID":"true"},"ingressSettings":"ALLOW_ALL","serviceAccountEmail":"8039494089-compute@developer.gserviceaccount.com","availableMemory":"256Mi","maxInstanceRequestConcurrency":80,"availableCpu":"1"},"labels":{"deployment-tool":"cli-firebase","deployment-scheduled":"true","firebase-functions-hash":"bf36637784bd31229903d98aff16550933fcd4c2"},"environment":"GEN_2"},"stages":[{"name":"BUILD","message":"Build in progress","state":"IN_PROGRESS","resource":"projects/8039494089/locations/us-central1/builds/546297cb-7afd-48d0-94a8-ab823349f4f4","resourceUri":"https://console.cloud.google.com/cloud-build/builds;region=us-central1/546297cb-7afd-48d0-94a8-ab823349f4f4?project=8039494089"},{"name":"SERVICE","state":"NOT_STARTED"}],"operationType":"CREATE_FUNCTION","buildName":"projects/8039494089/locations/us-central1/builds/546297cb-7afd-48d0-94a8-ab823349f4f4"},"done":false}
[debug] [2026-02-14T12:43:02.418Z] [create-default-us-central1-scheduledreminders] Retrying task index 0
[debug] [2026-02-14T12:43:02.418Z] Checked if tokens are valid: true, expires at: 1771076033622
[debug] [2026-02-14T12:43:02.419Z] Checked if tokens are valid: true, expires at: 1771076033622
[debug] [2026-02-14T12:43:02.419Z] >>> [apiv2][query] GET https://cloudfunctions.googleapis.com/v2/projects/chorequest-1c5b6/locations/us-central1/operations/operation-1771072909075-64ac80b9de4f3-eb5ae1c7-b221408d [none]
[debug] [2026-02-14T12:43:03.166Z] <<< [apiv2][status] GET https://cloudfunctions.googleapis.com/v2/projects/chorequest-1c5b6/locations/us-central1/operations/operation-1771072909075-64ac80b9de4f3-eb5ae1c7-b221408d 200
[debug] [2026-02-14T12:43:03.166Z] <<< [apiv2][body] GET https://cloudfunctions.googleapis.com/v2/projects/chorequest-1c5b6/locations/us-central1/operations/operation-1771072909075-64ac80b9de4f3-eb5ae1c7-b221408d {"name":"projects/chorequest-1c5b6/locations/us-central1/operations/operation-1771072909075-64ac80b9de4f3-eb5ae1c7-b221408d","metadata":{"@type":"type.googleapis.com/google.cloud.functions.v2.OperationMetadata","createTime":"2026-02-14T12:41:49.530674264Z","target":"projects/chorequest-1c5b6/locations/us-central1/functions/scheduledreminders","verb":"create","cancelRequested":false,"apiVersion":"v2","requestResource":{"@type":"type.googleapis.com/google.cloud.functions.v2.Function","name":"projects/chorequest-1c5b6/locations/us-central1/functions/scheduledreminders","buildConfig":{"runtime":"nodejs22","entryPoint":"scheduledreminders","source":{"storageSource":{"bucket":"gcf-v2-sources-8039494089-us-central1","object":"scheduledreminders/function-source.zip","generation":"1771072909317587"}},"environmentVariables":{"GOOGLE_NODE_RUN_SCRIPTS":""},"serviceAccount":"projects/chorequest-1c5b6/serviceAccounts/8039494089-compute@developer.gserviceaccount.com","automaticUpdatePolicy":{}},"serviceConfig":{"service":"projects/chorequest-1c5b6/locations/us-central1/services/scheduledreminders","timeoutSeconds":60,"environmentVariables":{"FIREBASE_CONFIG":"{\"projectId\":\"chorequest-1c5b6\",\"storageBucket\":\"chorequest-1c5b6.firebasestorage.app\"}","GCLOUD_PROJECT":"chorequest-1c5b6","EVENTARC_CLOUD_EVENT_SOURCE":"projects/chorequest-1c5b6/locations/us-central1/services/scheduledreminders","FUNCTION_TARGET":"scheduledreminders","LOG_EXECUTION_ID":"true"},"ingressSettings":"ALLOW_ALL","serviceAccountEmail":"8039494089-compute@developer.gserviceaccount.com","availableMemory":"256Mi","maxInstanceRequestConcurrency":80,"availableCpu":"1"},"labels":{"deployment-tool":"cli-firebase","deployment-scheduled":"true","firebase-functions-hash":"bf36637784bd31229903d98aff16550933fcd4c2"},"environment":"GEN_2"},"stages":[{"name":"BUILD","message":"Build in progress","state":"IN_PROGRESS","resource":"projects/8039494089/locations/us-central1/builds/546297cb-7afd-48d0-94a8-ab823349f4f4","resourceUri":"https://console.cloud.google.com/cloud-build/builds;region=us-central1/546297cb-7afd-48d0-94a8-ab823349f4f4?project=8039494089"},{"name":"SERVICE","state":"NOT_STARTED"}],"operationType":"CREATE_FUNCTION","buildName":"projects/8039494089/locations/us-central1/builds/546297cb-7afd-48d0-94a8-ab823349f4f4"},"done":false}
[debug] [2026-02-14T12:43:13.182Z] [create-default-us-central1-scheduledreminders] Retrying task index 0
[debug] [2026-02-14T12:43:13.182Z] Checked if tokens are valid: true, expires at: 1771076033622
[debug] [2026-02-14T12:43:13.183Z] Checked if tokens are valid: true, expires at: 1771076033622
[debug] [2026-02-14T12:43:13.183Z] >>> [apiv2][query] GET https://cloudfunctions.googleapis.com/v2/projects/chorequest-1c5b6/locations/us-central1/operations/operation-1771072909075-64ac80b9de4f3-eb5ae1c7-b221408d [none]
[debug] [2026-02-14T12:43:13.925Z] <<< [apiv2][status] GET https://cloudfunctions.googleapis.com/v2/projects/chorequest-1c5b6/locations/us-central1/operations/operation-1771072909075-64ac80b9de4f3-eb5ae1c7-b221408d 200
[debug] [2026-02-14T12:43:13.925Z] <<< [apiv2][body] GET https://cloudfunctions.googleapis.com/v2/projects/chorequest-1c5b6/locations/us-central1/operations/operation-1771072909075-64ac80b9de4f3-eb5ae1c7-b221408d {"name":"projects/chorequest-1c5b6/locations/us-central1/operations/operation-1771072909075-64ac80b9de4f3-eb5ae1c7-b221408d","metadata":{"@type":"type.googleapis.com/google.cloud.functions.v2.OperationMetadata","createTime":"2026-02-14T12:41:49.530674264Z","target":"projects/chorequest-1c5b6/locations/us-central1/functions/scheduledreminders","verb":"create","cancelRequested":false,"apiVersion":"v2","requestResource":{"@type":"type.googleapis.com/google.cloud.functions.v2.Function","name":"projects/chorequest-1c5b6/locations/us-central1/functions/scheduledreminders","buildConfig":{"runtime":"nodejs22","entryPoint":"scheduledreminders","source":{"storageSource":{"bucket":"gcf-v2-sources-8039494089-us-central1","object":"scheduledreminders/function-source.zip","generation":"1771072909317587"}},"environmentVariables":{"GOOGLE_NODE_RUN_SCRIPTS":""},"serviceAccount":"projects/chorequest-1c5b6/serviceAccounts/8039494089-compute@developer.gserviceaccount.com","automaticUpdatePolicy":{}},"serviceConfig":{"service":"projects/chorequest-1c5b6/locations/us-central1/services/scheduledreminders","timeoutSeconds":60,"environmentVariables":{"FIREBASE_CONFIG":"{\"projectId\":\"chorequest-1c5b6\",\"storageBucket\":\"chorequest-1c5b6.firebasestorage.app\"}","GCLOUD_PROJECT":"chorequest-1c5b6","EVENTARC_CLOUD_EVENT_SOURCE":"projects/chorequest-1c5b6/locations/us-central1/services/scheduledreminders","FUNCTION_TARGET":"scheduledreminders","LOG_EXECUTION_ID":"true"},"ingressSettings":"ALLOW_ALL","serviceAccountEmail":"8039494089-compute@developer.gserviceaccount.com","availableMemory":"256Mi","maxInstanceRequestConcurrency":80,"availableCpu":"1"},"labels":{"deployment-tool":"cli-firebase","deployment-scheduled":"true","firebase-functions-hash":"bf36637784bd31229903d98aff16550933fcd4c2"},"environment":"GEN_2"},"stages":[{"name":"BUILD","message":"Build finished","state":"COMPLETE","resource":"projects/8039494089/locations/us-central1/builds/546297cb-7afd-48d0-94a8-ab823349f4f4","resourceUri":"https://console.cloud.google.com/cloud-build/builds;region=us-central1/546297cb-7afd-48d0-94a8-ab823349f4f4?project=8039494089"},{"name":"SERVICE","message":"Creating Cloud Run service","state":"IN_PROGRESS","resource":"projects/chorequest-1c5b6/locations/us-central1/services/scheduledreminders","resourceUri":"https://console.cloud.google.com/run/detail/us-central1/scheduledreminders?project=chorequest-1c5b6"}],"sourceToken":"ClVwcm9qZWN0cy84MDM5NDk0MDg5L2xvY2F0aW9ucy91cy1jZW50cmFsMS9idWlsZHMvNTQ2Mjk3Y2ItN2FmZC00OGQwLTk0YTgtYWI4MjMzNDlmNGY0End1cy1jZW50cmFsMS1kb2NrZXIucGtnLmRldi9jaG9yZXF1ZXN0LTFjNWI2L2djZi1hcnRpZmFjdHMvY2hvcmVxdWVzdC0tMWM1YjZfX3VzLS1jZW50cmFsMV9fc2NoZWR1bGVkcmVtaW5kZXJzOnZlcnNpb25fMRjJ48P5HSJMcHJvamVjdHMvY2hvcmVxdWVzdC0xYzViNi9sb2NhdGlvbnMvdXMtY2VudHJhbDEvZnVuY3Rpb25zL3NjaGVkdWxlZHJlbWluZGVycyoMCNfbwcwGEPjGsZgBMghub2RlanMyMjp2CiNnY3IuaW8vZ2FlLXJ1bnRpbWVzL25vZGVqczIyOnN0YWJsZRJPdXMtY2VudHJhbDEtZG9ja2VyLnBrZy5kZXYvc2VydmVybGVzcy1ydW50aW1lcy9nb29nbGUtMjItZnVsbC9ydW50aW1lcy9ub2RlanMyMkAB","operationType":"CREATE_FUNCTION","buildName":"projects/8039494089/locations/us-central1/builds/546297cb-7afd-48d0-94a8-ab823349f4f4"},"done":false}
[debug] [2026-02-14T12:43:13.925Z] Got source token ClVwcm9qZWN0cy84MDM5NDk0MDg5L2xvY2F0aW9ucy91cy1jZW50cmFsMS9idWlsZHMvNTQ2Mjk3Y2ItN2FmZC00OGQwLTk0YTgtYWI4MjMzNDlmNGY0End1cy1jZW50cmFsMS1kb2NrZXIucGtnLmRldi9jaG9yZXF1ZXN0LTFjNWI2L2djZi1hcnRpZmFjdHMvY2hvcmVxdWVzdC0tMWM1YjZfX3VzLS1jZW50cmFsMV9fc2NoZWR1bGVkcmVtaW5kZXJzOnZlcnNpb25fMRjJ48P5HSJMcHJvamVjdHMvY2hvcmVxdWVzdC0xYzViNi9sb2NhdGlvbnMvdXMtY2VudHJhbDEvZnVuY3Rpb25zL3NjaGVkdWxlZHJlbWluZGVycyoMCNfbwcwGEPjGsZgBMghub2RlanMyMjp2CiNnY3IuaW8vZ2FlLXJ1bnRpbWVzL25vZGVqczIyOnN0YWJsZRJPdXMtY2VudHJhbDEtZG9ja2VyLnBrZy5kZXYvc2VydmVybGVzcy1ydW50aW1lcy9nb29nbGUtMjItZnVsbC9ydW50aW1lcy9ub2RlanMyMkAB for region us-central1
[debug] [2026-02-14T12:43:23.931Z] [create-default-us-central1-scheduledreminders] Retrying task index 0
[debug] [2026-02-14T12:43:23.933Z] Checked if tokens are valid: true, expires at: 1771076033622
[debug] [2026-02-14T12:43:23.933Z] Checked if tokens are valid: true, expires at: 1771076033622
[debug] [2026-02-14T12:43:23.934Z] >>> [apiv2][query] GET https://cloudfunctions.googleapis.com/v2/projects/chorequest-1c5b6/locations/us-central1/operations/operation-1771072909075-64ac80b9de4f3-eb5ae1c7-b221408d [none]
[debug] [2026-02-14T12:43:24.713Z] <<< [apiv2][status] GET https://cloudfunctions.googleapis.com/v2/projects/chorequest-1c5b6/locations/us-central1/operations/operation-1771072909075-64ac80b9de4f3-eb5ae1c7-b221408d 200
[debug] [2026-02-14T12:43:24.713Z] <<< [apiv2][body] GET https://cloudfunctions.googleapis.com/v2/projects/chorequest-1c5b6/locations/us-central1/operations/operation-1771072909075-64ac80b9de4f3-eb5ae1c7-b221408d {"name":"projects/chorequest-1c5b6/locations/us-central1/operations/operation-1771072909075-64ac80b9de4f3-eb5ae1c7-b221408d","metadata":{"@type":"type.googleapis.com/google.cloud.functions.v2.OperationMetadata","createTime":"2026-02-14T12:41:49.530674264Z","target":"projects/chorequest-1c5b6/locations/us-central1/functions/scheduledreminders","verb":"create","cancelRequested":false,"apiVersion":"v2","requestResource":{"@type":"type.googleapis.com/google.cloud.functions.v2.Function","name":"projects/chorequest-1c5b6/locations/us-central1/functions/scheduledreminders","buildConfig":{"runtime":"nodejs22","entryPoint":"scheduledreminders","source":{"storageSource":{"bucket":"gcf-v2-sources-8039494089-us-central1","object":"scheduledreminders/function-source.zip","generation":"1771072909317587"}},"environmentVariables":{"GOOGLE_NODE_RUN_SCRIPTS":""},"serviceAccount":"projects/chorequest-1c5b6/serviceAccounts/8039494089-compute@developer.gserviceaccount.com","automaticUpdatePolicy":{}},"serviceConfig":{"service":"projects/chorequest-1c5b6/locations/us-central1/services/scheduledreminders","timeoutSeconds":60,"environmentVariables":{"FIREBASE_CONFIG":"{\"projectId\":\"chorequest-1c5b6\",\"storageBucket\":\"chorequest-1c5b6.firebasestorage.app\"}","GCLOUD_PROJECT":"chorequest-1c5b6","EVENTARC_CLOUD_EVENT_SOURCE":"projects/chorequest-1c5b6/locations/us-central1/services/scheduledreminders","FUNCTION_TARGET":"scheduledreminders","LOG_EXECUTION_ID":"true"},"ingressSettings":"ALLOW_ALL","serviceAccountEmail":"8039494089-compute@developer.gserviceaccount.com","availableMemory":"256Mi","maxInstanceRequestConcurrency":80,"availableCpu":"1"},"labels":{"deployment-tool":"cli-firebase","deployment-scheduled":"true","firebase-functions-hash":"bf36637784bd31229903d98aff16550933fcd4c2"},"environment":"GEN_2"},"stages":[{"name":"BUILD","message":"Build finished","state":"COMPLETE","resource":"projects/8039494089/locations/us-central1/builds/546297cb-7afd-48d0-94a8-ab823349f4f4","resourceUri":"https://console.cloud.google.com/cloud-build/builds;region=us-central1/546297cb-7afd-48d0-94a8-ab823349f4f4?project=8039494089"},{"name":"SERVICE","message":"Creating Cloud Run service","state":"IN_PROGRESS","resource":"projects/chorequest-1c5b6/locations/us-central1/services/scheduledreminders","resourceUri":"https://console.cloud.google.com/run/detail/us-central1/scheduledreminders?project=chorequest-1c5b6"}],"sourceToken":"ClVwcm9qZWN0cy84MDM5NDk0MDg5L2xvY2F0aW9ucy91cy1jZW50cmFsMS9idWlsZHMvNTQ2Mjk3Y2ItN2FmZC00OGQwLTk0YTgtYWI4MjMzNDlmNGY0End1cy1jZW50cmFsMS1kb2NrZXIucGtnLmRldi9jaG9yZXF1ZXN0LTFjNWI2L2djZi1hcnRpZmFjdHMvY2hvcmVxdWVzdC0tMWM1YjZfX3VzLS1jZW50cmFsMV9fc2NoZWR1bGVkcmVtaW5kZXJzOnZlcnNpb25fMRjJ48P5HSJMcHJvamVjdHMvY2hvcmVxdWVzdC0xYzViNi9sb2NhdGlvbnMvdXMtY2VudHJhbDEvZnVuY3Rpb25zL3NjaGVkdWxlZHJlbWluZGVycyoMCNfbwcwGEPjGsZgBMghub2RlanMyMjp2CiNnY3IuaW8vZ2FlLXJ1bnRpbWVzL25vZGVqczIyOnN0YWJsZRJPdXMtY2VudHJhbDEtZG9ja2VyLnBrZy5kZXYvc2VydmVybGVzcy1ydW50aW1lcy9nb29nbGUtMjItZnVsbC9ydW50aW1lcy9ub2RlanMyMkAB","operationType":"CREATE_FUNCTION","buildName":"projects/8039494089/locations/us-central1/builds/546297cb-7afd-48d0-94a8-ab823349f4f4"},"done":false}
[debug] [2026-02-14T12:43:24.714Z] Got source token ClVwcm9qZWN0cy84MDM5NDk0MDg5L2xvY2F0aW9ucy91cy1jZW50cmFsMS9idWlsZHMvNTQ2Mjk3Y2ItN2FmZC00OGQwLTk0YTgtYWI4MjMzNDlmNGY0End1cy1jZW50cmFsMS1kb2NrZXIucGtnLmRldi9jaG9yZXF1ZXN0LTFjNWI2L2djZi1hcnRpZmFjdHMvY2hvcmVxdWVzdC0tMWM1YjZfX3VzLS1jZW50cmFsMV9fc2NoZWR1bGVkcmVtaW5kZXJzOnZlcnNpb25fMRjJ48P5HSJMcHJvamVjdHMvY2hvcmVxdWVzdC0xYzViNi9sb2NhdGlvbnMvdXMtY2VudHJhbDEvZnVuY3Rpb25zL3NjaGVkdWxlZHJlbWluZGVycyoMCNfbwcwGEPjGsZgBMghub2RlanMyMjp2CiNnY3IuaW8vZ2FlLXJ1bnRpbWVzL25vZGVqczIyOnN0YWJsZRJPdXMtY2VudHJhbDEtZG9ja2VyLnBrZy5kZXYvc2VydmVybGVzcy1ydW50aW1lcy9nb29nbGUtMjItZnVsbC9ydW50aW1lcy9ub2RlanMyMkAB for region us-central1
[debug] [2026-02-14T12:43:34.721Z] [create-default-us-central1-scheduledreminders] Retrying task index 0
[debug] [2026-02-14T12:43:34.722Z] Checked if tokens are valid: true, expires at: 1771076033622
[debug] [2026-02-14T12:43:34.722Z] Checked if tokens are valid: true, expires at: 1771076033622
[debug] [2026-02-14T12:43:34.722Z] >>> [apiv2][query] GET https://cloudfunctions.googleapis.com/v2/projects/chorequest-1c5b6/locations/us-central1/operations/operation-1771072909075-64ac80b9de4f3-eb5ae1c7-b221408d [none]
[debug] [2026-02-14T12:43:35.521Z] <<< [apiv2][status] GET https://cloudfunctions.googleapis.com/v2/projects/chorequest-1c5b6/locations/us-central1/operations/operation-1771072909075-64ac80b9de4f3-eb5ae1c7-b221408d 200
[debug] [2026-02-14T12:43:35.522Z] <<< [apiv2][body] GET https://cloudfunctions.googleapis.com/v2/projects/chorequest-1c5b6/locations/us-central1/operations/operation-1771072909075-64ac80b9de4f3-eb5ae1c7-b221408d {"name":"projects/chorequest-1c5b6/locations/us-central1/operations/operation-1771072909075-64ac80b9de4f3-eb5ae1c7-b221408d","metadata":{"@type":"type.googleapis.com/google.cloud.functions.v2.OperationMetadata","createTime":"2026-02-14T12:41:49.530674264Z","target":"projects/chorequest-1c5b6/locations/us-central1/functions/scheduledreminders","verb":"create","cancelRequested":false,"apiVersion":"v2","requestResource":{"@type":"type.googleapis.com/google.cloud.functions.v2.Function","name":"projects/chorequest-1c5b6/locations/us-central1/functions/scheduledreminders","buildConfig":{"runtime":"nodejs22","entryPoint":"scheduledreminders","source":{"storageSource":{"bucket":"gcf-v2-sources-8039494089-us-central1","object":"scheduledreminders/function-source.zip","generation":"1771072909317587"}},"environmentVariables":{"GOOGLE_NODE_RUN_SCRIPTS":""},"serviceAccount":"projects/chorequest-1c5b6/serviceAccounts/8039494089-compute@developer.gserviceaccount.com","automaticUpdatePolicy":{}},"serviceConfig":{"service":"projects/chorequest-1c5b6/locations/us-central1/services/scheduledreminders","timeoutSeconds":60,"environmentVariables":{"FIREBASE_CONFIG":"{\"projectId\":\"chorequest-1c5b6\",\"storageBucket\":\"chorequest-1c5b6.firebasestorage.app\"}","GCLOUD_PROJECT":"chorequest-1c5b6","EVENTARC_CLOUD_EVENT_SOURCE":"projects/chorequest-1c5b6/locations/us-central1/services/scheduledreminders","FUNCTION_TARGET":"scheduledreminders","LOG_EXECUTION_ID":"true"},"ingressSettings":"ALLOW_ALL","serviceAccountEmail":"8039494089-compute@developer.gserviceaccount.com","availableMemory":"256Mi","maxInstanceRequestConcurrency":80,"availableCpu":"1"},"labels":{"deployment-tool":"cli-firebase","deployment-scheduled":"true","firebase-functions-hash":"bf36637784bd31229903d98aff16550933fcd4c2"},"environment":"GEN_2"},"stages":[{"name":"BUILD","message":"Build finished","state":"COMPLETE","resource":"projects/8039494089/locations/us-central1/builds/546297cb-7afd-48d0-94a8-ab823349f4f4","resourceUri":"https://console.cloud.google.com/cloud-build/builds;region=us-central1/546297cb-7afd-48d0-94a8-ab823349f4f4?project=8039494089"},{"name":"SERVICE","message":"Creating Cloud Run service","state":"IN_PROGRESS","resource":"projects/chorequest-1c5b6/locations/us-central1/services/scheduledreminders","resourceUri":"https://console.cloud.google.com/run/detail/us-central1/scheduledreminders?project=chorequest-1c5b6"}],"sourceToken":"ClVwcm9qZWN0cy84MDM5NDk0MDg5L2xvY2F0aW9ucy91cy1jZW50cmFsMS9idWlsZHMvNTQ2Mjk3Y2ItN2FmZC00OGQwLTk0YTgtYWI4MjMzNDlmNGY0End1cy1jZW50cmFsMS1kb2NrZXIucGtnLmRldi9jaG9yZXF1ZXN0LTFjNWI2L2djZi1hcnRpZmFjdHMvY2hvcmVxdWVzdC0tMWM1YjZfX3VzLS1jZW50cmFsMV9fc2NoZWR1bGVkcmVtaW5kZXJzOnZlcnNpb25fMRjJ48P5HSJMcHJvamVjdHMvY2hvcmVxdWVzdC0xYzViNi9sb2NhdGlvbnMvdXMtY2VudHJhbDEvZnVuY3Rpb25zL3NjaGVkdWxlZHJlbWluZGVycyoMCNfbwcwGEPjGsZgBMghub2RlanMyMjp2CiNnY3IuaW8vZ2FlLXJ1bnRpbWVzL25vZGVqczIyOnN0YWJsZRJPdXMtY2VudHJhbDEtZG9ja2VyLnBrZy5kZXYvc2VydmVybGVzcy1ydW50aW1lcy9nb29nbGUtMjItZnVsbC9ydW50aW1lcy9ub2RlanMyMkAB","operationType":"CREATE_FUNCTION","buildName":"projects/8039494089/locations/us-central1/builds/546297cb-7afd-48d0-94a8-ab823349f4f4"},"done":false}
[debug] [2026-02-14T12:43:35.522Z] Got source token ClVwcm9qZWN0cy84MDM5NDk0MDg5L2xvY2F0aW9ucy91cy1jZW50cmFsMS9idWlsZHMvNTQ2Mjk3Y2ItN2FmZC00OGQwLTk0YTgtYWI4MjMzNDlmNGY0End1cy1jZW50cmFsMS1kb2NrZXIucGtnLmRldi9jaG9yZXF1ZXN0LTFjNWI2L2djZi1hcnRpZmFjdHMvY2hvcmVxdWVzdC0tMWM1YjZfX3VzLS1jZW50cmFsMV9fc2NoZWR1bGVkcmVtaW5kZXJzOnZlcnNpb25fMRjJ48P5HSJMcHJvamVjdHMvY2hvcmVxdWVzdC0xYzViNi9sb2NhdGlvbnMvdXMtY2VudHJhbDEvZnVuY3Rpb25zL3NjaGVkdWxlZHJlbWluZGVycyoMCNfbwcwGEPjGsZgBMghub2RlanMyMjp2CiNnY3IuaW8vZ2FlLXJ1bnRpbWVzL25vZGVqczIyOnN0YWJsZRJPdXMtY2VudHJhbDEtZG9ja2VyLnBrZy5kZXYvc2VydmVybGVzcy1ydW50aW1lcy9nb29nbGUtMjItZnVsbC9ydW50aW1lcy9ub2RlanMyMkAB for region us-central1
[debug] [2026-02-14T12:43:45.529Z] [create-default-us-central1-scheduledreminders] Retrying task index 0
[debug] [2026-02-14T12:43:45.529Z] Checked if tokens are valid: true, expires at: 1771076033622
[debug] [2026-02-14T12:43:45.529Z] Checked if tokens are valid: true, expires at: 1771076033622
[debug] [2026-02-14T12:43:45.530Z] >>> [apiv2][query] GET https://cloudfunctions.googleapis.com/v2/projects/chorequest-1c5b6/locations/us-central1/operations/operation-1771072909075-64ac80b9de4f3-eb5ae1c7-b221408d [none]
[debug] [2026-02-14T12:43:46.293Z] <<< [apiv2][status] GET https://cloudfunctions.googleapis.com/v2/projects/chorequest-1c5b6/locations/us-central1/operations/operation-1771072909075-64ac80b9de4f3-eb5ae1c7-b221408d 200
[debug] [2026-02-14T12:43:46.293Z] <<< [apiv2][body] GET https://cloudfunctions.googleapis.com/v2/projects/chorequest-1c5b6/locations/us-central1/operations/operation-1771072909075-64ac80b9de4f3-eb5ae1c7-b221408d {"name":"projects/chorequest-1c5b6/locations/us-central1/operations/operation-1771072909075-64ac80b9de4f3-eb5ae1c7-b221408d","metadata":{"@type":"type.googleapis.com/google.cloud.functions.v2.OperationMetadata","createTime":"2026-02-14T12:41:49.530674264Z","target":"projects/chorequest-1c5b6/locations/us-central1/functions/scheduledreminders","verb":"create","cancelRequested":false,"apiVersion":"v2","requestResource":{"@type":"type.googleapis.com/google.cloud.functions.v2.Function","name":"projects/chorequest-1c5b6/locations/us-central1/functions/scheduledreminders","buildConfig":{"runtime":"nodejs22","entryPoint":"scheduledreminders","source":{"storageSource":{"bucket":"gcf-v2-sources-8039494089-us-central1","object":"scheduledreminders/function-source.zip","generation":"1771072909317587"}},"environmentVariables":{"GOOGLE_NODE_RUN_SCRIPTS":""},"serviceAccount":"projects/chorequest-1c5b6/serviceAccounts/8039494089-compute@developer.gserviceaccount.com","automaticUpdatePolicy":{}},"serviceConfig":{"service":"projects/chorequest-1c5b6/locations/us-central1/services/scheduledreminders","timeoutSeconds":60,"environmentVariables":{"FIREBASE_CONFIG":"{\"projectId\":\"chorequest-1c5b6\",\"storageBucket\":\"chorequest-1c5b6.firebasestorage.app\"}","GCLOUD_PROJECT":"chorequest-1c5b6","EVENTARC_CLOUD_EVENT_SOURCE":"projects/chorequest-1c5b6/locations/us-central1/services/scheduledreminders","FUNCTION_TARGET":"scheduledreminders","LOG_EXECUTION_ID":"true"},"ingressSettings":"ALLOW_ALL","serviceAccountEmail":"8039494089-compute@developer.gserviceaccount.com","availableMemory":"256Mi","maxInstanceRequestConcurrency":80,"availableCpu":"1"},"labels":{"deployment-tool":"cli-firebase","deployment-scheduled":"true","firebase-functions-hash":"bf36637784bd31229903d98aff16550933fcd4c2"},"environment":"GEN_2"},"stages":[{"name":"BUILD","message":"Build finished","state":"COMPLETE","resource":"projects/8039494089/locations/us-central1/builds/546297cb-7afd-48d0-94a8-ab823349f4f4","resourceUri":"https://console.cloud.google.com/cloud-build/builds;region=us-central1/546297cb-7afd-48d0-94a8-ab823349f4f4?project=8039494089"},{"name":"SERVICE","message":"Creating Cloud Run service","state":"IN_PROGRESS","resource":"projects/chorequest-1c5b6/locations/us-central1/services/scheduledreminders","resourceUri":"https://console.cloud.google.com/run/detail/us-central1/scheduledreminders?project=chorequest-1c5b6"}],"sourceToken":"ClVwcm9qZWN0cy84MDM5NDk0MDg5L2xvY2F0aW9ucy91cy1jZW50cmFsMS9idWlsZHMvNTQ2Mjk3Y2ItN2FmZC00OGQwLTk0YTgtYWI4MjMzNDlmNGY0End1cy1jZW50cmFsMS1kb2NrZXIucGtnLmRldi9jaG9yZXF1ZXN0LTFjNWI2L2djZi1hcnRpZmFjdHMvY2hvcmVxdWVzdC0tMWM1YjZfX3VzLS1jZW50cmFsMV9fc2NoZWR1bGVkcmVtaW5kZXJzOnZlcnNpb25fMRjJ48P5HSJMcHJvamVjdHMvY2hvcmVxdWVzdC0xYzViNi9sb2NhdGlvbnMvdXMtY2VudHJhbDEvZnVuY3Rpb25zL3NjaGVkdWxlZHJlbWluZGVycyoMCNfbwcwGEPjGsZgBMghub2RlanMyMjp2CiNnY3IuaW8vZ2FlLXJ1bnRpbWVzL25vZGVqczIyOnN0YWJsZRJPdXMtY2VudHJhbDEtZG9ja2VyLnBrZy5kZXYvc2VydmVybGVzcy1ydW50aW1lcy9nb29nbGUtMjItZnVsbC9ydW50aW1lcy9ub2RlanMyMkAB","operationType":"CREATE_FUNCTION","buildName":"projects/8039494089/locations/us-central1/builds/546297cb-7afd-48d0-94a8-ab823349f4f4"},"done":false}
[debug] [2026-02-14T12:43:46.293Z] Got source token ClVwcm9qZWN0cy84MDM5NDk0MDg5L2xvY2F0aW9ucy91cy1jZW50cmFsMS9idWlsZHMvNTQ2Mjk3Y2ItN2FmZC00OGQwLTk0YTgtYWI4MjMzNDlmNGY0End1cy1jZW50cmFsMS1kb2NrZXIucGtnLmRldi9jaG9yZXF1ZXN0LTFjNWI2L2djZi1hcnRpZmFjdHMvY2hvcmVxdWVzdC0tMWM1YjZfX3VzLS1jZW50cmFsMV9fc2NoZWR1bGVkcmVtaW5kZXJzOnZlcnNpb25fMRjJ48P5HSJMcHJvamVjdHMvY2hvcmVxdWVzdC0xYzViNi9sb2NhdGlvbnMvdXMtY2VudHJhbDEvZnVuY3Rpb25zL3NjaGVkdWxlZHJlbWluZGVycyoMCNfbwcwGEPjGsZgBMghub2RlanMyMjp2CiNnY3IuaW8vZ2FlLXJ1bnRpbWVzL25vZGVqczIyOnN0YWJsZRJPdXMtY2VudHJhbDEtZG9ja2VyLnBrZy5kZXYvc2VydmVybGVzcy1ydW50aW1lcy9nb29nbGUtMjItZnVsbC9ydW50aW1lcy9ub2RlanMyMkAB for region us-central1
[debug] [2026-02-14T12:43:56.309Z] [create-default-us-central1-scheduledreminders] Retrying task index 0
[debug] [2026-02-14T12:43:56.309Z] Checked if tokens are valid: true, expires at: 1771076033622
[debug] [2026-02-14T12:43:56.309Z] Checked if tokens are valid: true, expires at: 1771076033622
[debug] [2026-02-14T12:43:56.309Z] >>> [apiv2][query] GET https://cloudfunctions.googleapis.com/v2/projects/chorequest-1c5b6/locations/us-central1/operations/operation-1771072909075-64ac80b9de4f3-eb5ae1c7-b221408d [none]
[debug] [2026-02-14T12:43:57.075Z] <<< [apiv2][status] GET https://cloudfunctions.googleapis.com/v2/projects/chorequest-1c5b6/locations/us-central1/operations/operation-1771072909075-64ac80b9de4f3-eb5ae1c7-b221408d 200
[debug] [2026-02-14T12:43:57.075Z] <<< [apiv2][body] GET https://cloudfunctions.googleapis.com/v2/projects/chorequest-1c5b6/locations/us-central1/operations/operation-1771072909075-64ac80b9de4f3-eb5ae1c7-b221408d {"name":"projects/chorequest-1c5b6/locations/us-central1/operations/operation-1771072909075-64ac80b9de4f3-eb5ae1c7-b221408d","metadata":{"@type":"type.googleapis.com/google.cloud.functions.v2.OperationMetadata","createTime":"2026-02-14T12:41:49.530674264Z","target":"projects/chorequest-1c5b6/locations/us-central1/functions/scheduledreminders","verb":"create","cancelRequested":false,"apiVersion":"v2","requestResource":{"@type":"type.googleapis.com/google.cloud.functions.v2.Function","name":"projects/chorequest-1c5b6/locations/us-central1/functions/scheduledreminders","buildConfig":{"runtime":"nodejs22","entryPoint":"scheduledreminders","source":{"storageSource":{"bucket":"gcf-v2-sources-8039494089-us-central1","object":"scheduledreminders/function-source.zip","generation":"1771072909317587"}},"environmentVariables":{"GOOGLE_NODE_RUN_SCRIPTS":""},"serviceAccount":"projects/chorequest-1c5b6/serviceAccounts/8039494089-compute@developer.gserviceaccount.com","automaticUpdatePolicy":{}},"serviceConfig":{"service":"projects/chorequest-1c5b6/locations/us-central1/services/scheduledreminders","timeoutSeconds":60,"environmentVariables":{"FIREBASE_CONFIG":"{\"projectId\":\"chorequest-1c5b6\",\"storageBucket\":\"chorequest-1c5b6.firebasestorage.app\"}","GCLOUD_PROJECT":"chorequest-1c5b6","EVENTARC_CLOUD_EVENT_SOURCE":"projects/chorequest-1c5b6/locations/us-central1/services/scheduledreminders","FUNCTION_TARGET":"scheduledreminders","LOG_EXECUTION_ID":"true"},"ingressSettings":"ALLOW_ALL","serviceAccountEmail":"8039494089-compute@developer.gserviceaccount.com","availableMemory":"256Mi","maxInstanceRequestConcurrency":80,"availableCpu":"1"},"labels":{"deployment-tool":"cli-firebase","deployment-scheduled":"true","firebase-functions-hash":"bf36637784bd31229903d98aff16550933fcd4c2"},"environment":"GEN_2"},"stages":[{"name":"BUILD","message":"Build finished","state":"COMPLETE","resource":"projects/8039494089/locations/us-central1/builds/546297cb-7afd-48d0-94a8-ab823349f4f4","resourceUri":"https://console.cloud.google.com/cloud-build/builds;region=us-central1/546297cb-7afd-48d0-94a8-ab823349f4f4?project=8039494089"},{"name":"SERVICE","message":"Creating Cloud Run service","state":"IN_PROGRESS","resource":"projects/chorequest-1c5b6/locations/us-central1/services/scheduledreminders","resourceUri":"https://console.cloud.google.com/run/detail/us-central1/scheduledreminders?project=chorequest-1c5b6"}],"sourceToken":"ClVwcm9qZWN0cy84MDM5NDk0MDg5L2xvY2F0aW9ucy91cy1jZW50cmFsMS9idWlsZHMvNTQ2Mjk3Y2ItN2FmZC00OGQwLTk0YTgtYWI4MjMzNDlmNGY0End1cy1jZW50cmFsMS1kb2NrZXIucGtnLmRldi9jaG9yZXF1ZXN0LTFjNWI2L2djZi1hcnRpZmFjdHMvY2hvcmVxdWVzdC0tMWM1YjZfX3VzLS1jZW50cmFsMV9fc2NoZWR1bGVkcmVtaW5kZXJzOnZlcnNpb25fMRjJ48P5HSJMcHJvamVjdHMvY2hvcmVxdWVzdC0xYzViNi9sb2NhdGlvbnMvdXMtY2VudHJhbDEvZnVuY3Rpb25zL3NjaGVkdWxlZHJlbWluZGVycyoMCNfbwcwGEPjGsZgBMghub2RlanMyMjp2CiNnY3IuaW8vZ2FlLXJ1bnRpbWVzL25vZGVqczIyOnN0YWJsZRJPdXMtY2VudHJhbDEtZG9ja2VyLnBrZy5kZXYvc2VydmVybGVzcy1ydW50aW1lcy9nb29nbGUtMjItZnVsbC9ydW50aW1lcy9ub2RlanMyMkAB","operationType":"CREATE_FUNCTION","buildName":"projects/8039494089/locations/us-central1/builds/546297cb-7afd-48d0-94a8-ab823349f4f4"},"done":false}
[debug] [2026-02-14T12:43:57.075Z] Got source token ClVwcm9qZWN0cy84MDM5NDk0MDg5L2xvY2F0aW9ucy91cy1jZW50cmFsMS9idWlsZHMvNTQ2Mjk3Y2ItN2FmZC00OGQwLTk0YTgtYWI4MjMzNDlmNGY0End1cy1jZW50cmFsMS1kb2NrZXIucGtnLmRldi9jaG9yZXF1ZXN0LTFjNWI2L2djZi1hcnRpZmFjdHMvY2hvcmVxdWVzdC0tMWM1YjZfX3VzLS1jZW50cmFsMV9fc2NoZWR1bGVkcmVtaW5kZXJzOnZlcnNpb25fMRjJ48P5HSJMcHJvamVjdHMvY2hvcmVxdWVzdC0xYzViNi9sb2NhdGlvbnMvdXMtY2VudHJhbDEvZnVuY3Rpb25zL3NjaGVkdWxlZHJlbWluZGVycyoMCNfbwcwGEPjGsZgBMghub2RlanMyMjp2CiNnY3IuaW8vZ2FlLXJ1bnRpbWVzL25vZGVqczIyOnN0YWJsZRJPdXMtY2VudHJhbDEtZG9ja2VyLnBrZy5kZXYvc2VydmVybGVzcy1ydW50aW1lcy9nb29nbGUtMjItZnVsbC9ydW50aW1lcy9ub2RlanMyMkAB for region us-central1
[debug] [2026-02-14T12:44:07.079Z] [create-default-us-central1-scheduledreminders] Retrying task index 0
[debug] [2026-02-14T12:44:07.080Z] Checked if tokens are valid: true, expires at: 1771076033622
[debug] [2026-02-14T12:44:07.080Z] Checked if tokens are valid: true, expires at: 1771076033622
[debug] [2026-02-14T12:44:07.081Z] >>> [apiv2][query] GET https://cloudfunctions.googleapis.com/v2/projects/chorequest-1c5b6/locations/us-central1/operations/operation-1771072909075-64ac80b9de4f3-eb5ae1c7-b221408d [none]
[debug] [2026-02-14T12:44:07.876Z] <<< [apiv2][status] GET https://cloudfunctions.googleapis.com/v2/projects/chorequest-1c5b6/locations/us-central1/operations/operation-1771072909075-64ac80b9de4f3-eb5ae1c7-b221408d 200
[debug] [2026-02-14T12:44:07.876Z] <<< [apiv2][body] GET https://cloudfunctions.googleapis.com/v2/projects/chorequest-1c5b6/locations/us-central1/operations/operation-1771072909075-64ac80b9de4f3-eb5ae1c7-b221408d {"name":"projects/chorequest-1c5b6/locations/us-central1/operations/operation-1771072909075-64ac80b9de4f3-eb5ae1c7-b221408d","metadata":{"@type":"type.googleapis.com/google.cloud.functions.v2.OperationMetadata","createTime":"2026-02-14T12:41:49.530674264Z","target":"projects/chorequest-1c5b6/locations/us-central1/functions/scheduledreminders","verb":"create","cancelRequested":false,"apiVersion":"v2","requestResource":{"@type":"type.googleapis.com/google.cloud.functions.v2.Function","name":"projects/chorequest-1c5b6/locations/us-central1/functions/scheduledreminders","buildConfig":{"runtime":"nodejs22","entryPoint":"scheduledreminders","source":{"storageSource":{"bucket":"gcf-v2-sources-8039494089-us-central1","object":"scheduledreminders/function-source.zip","generation":"1771072909317587"}},"environmentVariables":{"GOOGLE_NODE_RUN_SCRIPTS":""},"serviceAccount":"projects/chorequest-1c5b6/serviceAccounts/8039494089-compute@developer.gserviceaccount.com","automaticUpdatePolicy":{}},"serviceConfig":{"service":"projects/chorequest-1c5b6/locations/us-central1/services/scheduledreminders","timeoutSeconds":60,"environmentVariables":{"FIREBASE_CONFIG":"{\"projectId\":\"chorequest-1c5b6\",\"storageBucket\":\"chorequest-1c5b6.firebasestorage.app\"}","GCLOUD_PROJECT":"chorequest-1c5b6","EVENTARC_CLOUD_EVENT_SOURCE":"projects/chorequest-1c5b6/locations/us-central1/services/scheduledreminders","FUNCTION_TARGET":"scheduledreminders","LOG_EXECUTION_ID":"true"},"ingressSettings":"ALLOW_ALL","serviceAccountEmail":"8039494089-compute@developer.gserviceaccount.com","availableMemory":"256Mi","maxInstanceRequestConcurrency":80,"availableCpu":"1"},"labels":{"deployment-tool":"cli-firebase","deployment-scheduled":"true","firebase-functions-hash":"bf36637784bd31229903d98aff16550933fcd4c2"},"environment":"GEN_2"},"stages":[{"name":"BUILD","message":"Build finished","state":"COMPLETE","resource":"projects/8039494089/locations/us-central1/builds/546297cb-7afd-48d0-94a8-ab823349f4f4","resourceUri":"https://console.cloud.google.com/cloud-build/builds;region=us-central1/546297cb-7afd-48d0-94a8-ab823349f4f4?project=8039494089"},{"name":"SERVICE","message":"Creating Cloud Run service","state":"IN_PROGRESS","resource":"projects/chorequest-1c5b6/locations/us-central1/services/scheduledreminders","resourceUri":"https://console.cloud.google.com/run/detail/us-central1/scheduledreminders?project=chorequest-1c5b6"}],"sourceToken":"ClVwcm9qZWN0cy84MDM5NDk0MDg5L2xvY2F0aW9ucy91cy1jZW50cmFsMS9idWlsZHMvNTQ2Mjk3Y2ItN2FmZC00OGQwLTk0YTgtYWI4MjMzNDlmNGY0End1cy1jZW50cmFsMS1kb2NrZXIucGtnLmRldi9jaG9yZXF1ZXN0LTFjNWI2L2djZi1hcnRpZmFjdHMvY2hvcmVxdWVzdC0tMWM1YjZfX3VzLS1jZW50cmFsMV9fc2NoZWR1bGVkcmVtaW5kZXJzOnZlcnNpb25fMRjJ48P5HSJMcHJvamVjdHMvY2hvcmVxdWVzdC0xYzViNi9sb2NhdGlvbnMvdXMtY2VudHJhbDEvZnVuY3Rpb25zL3NjaGVkdWxlZHJlbWluZGVycyoMCNfbwcwGEPjGsZgBMghub2RlanMyMjp2CiNnY3IuaW8vZ2FlLXJ1bnRpbWVzL25vZGVqczIyOnN0YWJsZRJPdXMtY2VudHJhbDEtZG9ja2VyLnBrZy5kZXYvc2VydmVybGVzcy1ydW50aW1lcy9nb29nbGUtMjItZnVsbC9ydW50aW1lcy9ub2RlanMyMkAB","operationType":"CREATE_FUNCTION","buildName":"projects/8039494089/locations/us-central1/builds/546297cb-7afd-48d0-94a8-ab823349f4f4"},"done":false}
[debug] [2026-02-14T12:44:07.877Z] Got source token ClVwcm9qZWN0cy84MDM5NDk0MDg5L2xvY2F0aW9ucy91cy1jZW50cmFsMS9idWlsZHMvNTQ2Mjk3Y2ItN2FmZC00OGQwLTk0YTgtYWI4MjMzNDlmNGY0End1cy1jZW50cmFsMS1kb2NrZXIucGtnLmRldi9jaG9yZXF1ZXN0LTFjNWI2L2djZi1hcnRpZmFjdHMvY2hvcmVxdWVzdC0tMWM1YjZfX3VzLS1jZW50cmFsMV9fc2NoZWR1bGVkcmVtaW5kZXJzOnZlcnNpb25fMRjJ48P5HSJMcHJvamVjdHMvY2hvcmVxdWVzdC0xYzViNi9sb2NhdGlvbnMvdXMtY2VudHJhbDEvZnVuY3Rpb25zL3NjaGVkdWxlZHJlbWluZGVycyoMCNfbwcwGEPjGsZgBMghub2RlanMyMjp2CiNnY3IuaW8vZ2FlLXJ1bnRpbWVzL25vZGVqczIyOnN0YWJsZRJPdXMtY2VudHJhbDEtZG9ja2VyLnBrZy5kZXYvc2VydmVybGVzcy1ydW50aW1lcy9nb29nbGUtMjItZnVsbC9ydW50aW1lcy9ub2RlanMyMkAB for region us-central1
[debug] [2026-02-14T12:44:17.893Z] [create-default-us-central1-scheduledreminders] Retrying task index 0
[debug] [2026-02-14T12:44:17.893Z] Checked if tokens are valid: true, expires at: 1771076033622
[debug] [2026-02-14T12:44:17.893Z] Checked if tokens are valid: true, expires at: 1771076033622
[debug] [2026-02-14T12:44:17.893Z] >>> [apiv2][query] GET https://cloudfunctions.googleapis.com/v2/projects/chorequest-1c5b6/locations/us-central1/operations/operation-1771072909075-64ac80b9de4f3-eb5ae1c7-b221408d [none]
[debug] [2026-02-14T12:44:18.131Z] <<< [apiv2][status] GET https://cloudfunctions.googleapis.com/v2/projects/chorequest-1c5b6/locations/us-central1/operations/operation-1771072909075-64ac80b9de4f3-eb5ae1c7-b221408d 200
[debug] [2026-02-14T12:44:18.131Z] <<< [apiv2][body] GET https://cloudfunctions.googleapis.com/v2/projects/chorequest-1c5b6/locations/us-central1/operations/operation-1771072909075-64ac80b9de4f3-eb5ae1c7-b221408d {"name":"projects/chorequest-1c5b6/locations/us-central1/operations/operation-1771072909075-64ac80b9de4f3-eb5ae1c7-b221408d","metadata":{"@type":"type.googleapis.com/google.cloud.functions.v2.OperationMetadata","createTime":"2026-02-14T12:41:49.530674264Z","target":"projects/chorequest-1c5b6/locations/us-central1/functions/scheduledreminders","verb":"create","cancelRequested":false,"apiVersion":"v2","requestResource":{"@type":"type.googleapis.com/google.cloud.functions.v2.Function","name":"projects/chorequest-1c5b6/locations/us-central1/functions/scheduledreminders","buildConfig":{"runtime":"nodejs22","entryPoint":"scheduledreminders","source":{"storageSource":{"bucket":"gcf-v2-sources-8039494089-us-central1","object":"scheduledreminders/function-source.zip","generation":"1771072909317587"}},"environmentVariables":{"GOOGLE_NODE_RUN_SCRIPTS":""},"serviceAccount":"projects/chorequest-1c5b6/serviceAccounts/8039494089-compute@developer.gserviceaccount.com","automaticUpdatePolicy":{}},"serviceConfig":{"service":"projects/chorequest-1c5b6/locations/us-central1/services/scheduledreminders","timeoutSeconds":60,"environmentVariables":{"FIREBASE_CONFIG":"{\"projectId\":\"chorequest-1c5b6\",\"storageBucket\":\"chorequest-1c5b6.firebasestorage.app\"}","GCLOUD_PROJECT":"chorequest-1c5b6","EVENTARC_CLOUD_EVENT_SOURCE":"projects/chorequest-1c5b6/locations/us-central1/services/scheduledreminders","FUNCTION_TARGET":"scheduledreminders","LOG_EXECUTION_ID":"true"},"ingressSettings":"ALLOW_ALL","serviceAccountEmail":"8039494089-compute@developer.gserviceaccount.com","availableMemory":"256Mi","maxInstanceRequestConcurrency":80,"availableCpu":"1"},"labels":{"deployment-tool":"cli-firebase","deployment-scheduled":"true","firebase-functions-hash":"bf36637784bd31229903d98aff16550933fcd4c2"},"environment":"GEN_2"},"stages":[{"name":"BUILD","message":"Build finished","state":"COMPLETE","resource":"projects/8039494089/locations/us-central1/builds/546297cb-7afd-48d0-94a8-ab823349f4f4","resourceUri":"https://console.cloud.google.com/cloud-build/builds;region=us-central1/546297cb-7afd-48d0-94a8-ab823349f4f4?project=8039494089"},{"name":"SERVICE","message":"Creating Cloud Run service","state":"IN_PROGRESS","resource":"projects/chorequest-1c5b6/locations/us-central1/services/scheduledreminders","resourceUri":"https://console.cloud.google.com/run/detail/us-central1/scheduledreminders?project=chorequest-1c5b6"}],"sourceToken":"ClVwcm9qZWN0cy84MDM5NDk0MDg5L2xvY2F0aW9ucy91cy1jZW50cmFsMS9idWlsZHMvNTQ2Mjk3Y2ItN2FmZC00OGQwLTk0YTgtYWI4MjMzNDlmNGY0End1cy1jZW50cmFsMS1kb2NrZXIucGtnLmRldi9jaG9yZXF1ZXN0LTFjNWI2L2djZi1hcnRpZmFjdHMvY2hvcmVxdWVzdC0tMWM1YjZfX3VzLS1jZW50cmFsMV9fc2NoZWR1bGVkcmVtaW5kZXJzOnZlcnNpb25fMRjJ48P5HSJMcHJvamVjdHMvY2hvcmVxdWVzdC0xYzViNi9sb2NhdGlvbnMvdXMtY2VudHJhbDEvZnVuY3Rpb25zL3NjaGVkdWxlZHJlbWluZGVycyoMCNfbwcwGEPjGsZgBMghub2RlanMyMjp2CiNnY3IuaW8vZ2FlLXJ1bnRpbWVzL25vZGVqczIyOnN0YWJsZRJPdXMtY2VudHJhbDEtZG9ja2VyLnBrZy5kZXYvc2VydmVybGVzcy1ydW50aW1lcy9nb29nbGUtMjItZnVsbC9ydW50aW1lcy9ub2RlanMyMkAB","operationType":"CREATE_FUNCTION","buildName":"projects/8039494089/locations/us-central1/builds/546297cb-7afd-48d0-94a8-ab823349f4f4"},"done":false}
[debug] [2026-02-14T12:44:18.131Z] Got source token ClVwcm9qZWN0cy84MDM5NDk0MDg5L2xvY2F0aW9ucy91cy1jZW50cmFsMS9idWlsZHMvNTQ2Mjk3Y2ItN2FmZC00OGQwLTk0YTgtYWI4MjMzNDlmNGY0End1cy1jZW50cmFsMS1kb2NrZXIucGtnLmRldi9jaG9yZXF1ZXN0LTFjNWI2L2djZi1hcnRpZmFjdHMvY2hvcmVxdWVzdC0tMWM1YjZfX3VzLS1jZW50cmFsMV9fc2NoZWR1bGVkcmVtaW5kZXJzOnZlcnNpb25fMRjJ48P5HSJMcHJvamVjdHMvY2hvcmVxdWVzdC0xYzViNi9sb2NhdGlvbnMvdXMtY2VudHJhbDEvZnVuY3Rpb25zL3NjaGVkdWxlZHJlbWluZGVycyoMCNfbwcwGEPjGsZgBMghub2RlanMyMjp2CiNnY3IuaW8vZ2FlLXJ1bnRpbWVzL25vZGVqczIyOnN0YWJsZRJPdXMtY2VudHJhbDEtZG9ja2VyLnBrZy5kZXYvc2VydmVybGVzcy1ydW50aW1lcy9nb29nbGUtMjItZnVsbC9ydW50aW1lcy9ub2RlanMyMkAB for region us-central1
[debug] [2026-02-14T12:44:28.135Z] [create-default-us-central1-scheduledreminders] Retrying task index 0
[debug] [2026-02-14T12:44:28.137Z] Checked if tokens are valid: true, expires at: 1771076033622
[debug] [2026-02-14T12:44:28.137Z] Checked if tokens are valid: true, expires at: 1771076033622
[debug] [2026-02-14T12:44:28.137Z] >>> [apiv2][query] GET https://cloudfunctions.googleapis.com/v2/projects/chorequest-1c5b6/locations/us-central1/operations/operation-1771072909075-64ac80b9de4f3-eb5ae1c7-b221408d [none]
[debug] [2026-02-14T12:44:28.898Z] <<< [apiv2][status] GET https://cloudfunctions.googleapis.com/v2/projects/chorequest-1c5b6/locations/us-central1/operations/operation-1771072909075-64ac80b9de4f3-eb5ae1c7-b221408d 200
[debug] [2026-02-14T12:44:28.898Z] <<< [apiv2][body] GET https://cloudfunctions.googleapis.com/v2/projects/chorequest-1c5b6/locations/us-central1/operations/operation-1771072909075-64ac80b9de4f3-eb5ae1c7-b221408d {"name":"projects/chorequest-1c5b6/locations/us-central1/operations/operation-1771072909075-64ac80b9de4f3-eb5ae1c7-b221408d","metadata":{"@type":"type.googleapis.com/google.cloud.functions.v2.OperationMetadata","createTime":"2026-02-14T12:41:49.530674264Z","target":"projects/chorequest-1c5b6/locations/us-central1/functions/scheduledreminders","verb":"create","cancelRequested":false,"apiVersion":"v2","requestResource":{"@type":"type.googleapis.com/google.cloud.functions.v2.Function","name":"projects/chorequest-1c5b6/locations/us-central1/functions/scheduledreminders","buildConfig":{"runtime":"nodejs22","entryPoint":"scheduledreminders","source":{"storageSource":{"bucket":"gcf-v2-sources-8039494089-us-central1","object":"scheduledreminders/function-source.zip","generation":"1771072909317587"}},"environmentVariables":{"GOOGLE_NODE_RUN_SCRIPTS":""},"serviceAccount":"projects/chorequest-1c5b6/serviceAccounts/8039494089-compute@developer.gserviceaccount.com","automaticUpdatePolicy":{}},"serviceConfig":{"service":"projects/chorequest-1c5b6/locations/us-central1/services/scheduledreminders","timeoutSeconds":60,"environmentVariables":{"FIREBASE_CONFIG":"{\"projectId\":\"chorequest-1c5b6\",\"storageBucket\":\"chorequest-1c5b6.firebasestorage.app\"}","GCLOUD_PROJECT":"chorequest-1c5b6","EVENTARC_CLOUD_EVENT_SOURCE":"projects/chorequest-1c5b6/locations/us-central1/services/scheduledreminders","FUNCTION_TARGET":"scheduledreminders","LOG_EXECUTION_ID":"true"},"ingressSettings":"ALLOW_ALL","serviceAccountEmail":"8039494089-compute@developer.gserviceaccount.com","availableMemory":"256Mi","maxInstanceRequestConcurrency":80,"availableCpu":"1"},"labels":{"deployment-tool":"cli-firebase","deployment-scheduled":"true","firebase-functions-hash":"bf36637784bd31229903d98aff16550933fcd4c2"},"environment":"GEN_2"},"stages":[{"name":"BUILD","message":"Build finished","state":"COMPLETE","resource":"projects/8039494089/locations/us-central1/builds/546297cb-7afd-48d0-94a8-ab823349f4f4","resourceUri":"https://console.cloud.google.com/cloud-build/builds;region=us-central1/546297cb-7afd-48d0-94a8-ab823349f4f4?project=8039494089"},{"name":"SERVICE","message":"Creating Cloud Run service","state":"IN_PROGRESS","resource":"projects/chorequest-1c5b6/locations/us-central1/services/scheduledreminders","resourceUri":"https://console.cloud.google.com/run/detail/us-central1/scheduledreminders?project=chorequest-1c5b6"}],"sourceToken":"ClVwcm9qZWN0cy84MDM5NDk0MDg5L2xvY2F0aW9ucy91cy1jZW50cmFsMS9idWlsZHMvNTQ2Mjk3Y2ItN2FmZC00OGQwLTk0YTgtYWI4MjMzNDlmNGY0End1cy1jZW50cmFsMS1kb2NrZXIucGtnLmRldi9jaG9yZXF1ZXN0LTFjNWI2L2djZi1hcnRpZmFjdHMvY2hvcmVxdWVzdC0tMWM1YjZfX3VzLS1jZW50cmFsMV9fc2NoZWR1bGVkcmVtaW5kZXJzOnZlcnNpb25fMRjJ48P5HSJMcHJvamVjdHMvY2hvcmVxdWVzdC0xYzViNi9sb2NhdGlvbnMvdXMtY2VudHJhbDEvZnVuY3Rpb25zL3NjaGVkdWxlZHJlbWluZGVycyoMCNfbwcwGEPjGsZgBMghub2RlanMyMjp2CiNnY3IuaW8vZ2FlLXJ1bnRpbWVzL25vZGVqczIyOnN0YWJsZRJPdXMtY2VudHJhbDEtZG9ja2VyLnBrZy5kZXYvc2VydmVybGVzcy1ydW50aW1lcy9nb29nbGUtMjItZnVsbC9ydW50aW1lcy9ub2RlanMyMkAB","operationType":"CREATE_FUNCTION","buildName":"projects/8039494089/locations/us-central1/builds/546297cb-7afd-48d0-94a8-ab823349f4f4"},"done":false}
[debug] [2026-02-14T12:44:28.898Z] Got source token ClVwcm9qZWN0cy84MDM5NDk0MDg5L2xvY2F0aW9ucy91cy1jZW50cmFsMS9idWlsZHMvNTQ2Mjk3Y2ItN2FmZC00OGQwLTk0YTgtYWI4MjMzNDlmNGY0End1cy1jZW50cmFsMS1kb2NrZXIucGtnLmRldi9jaG9yZXF1ZXN0LTFjNWI2L2djZi1hcnRpZmFjdHMvY2hvcmVxdWVzdC0tMWM1YjZfX3VzLS1jZW50cmFsMV9fc2NoZWR1bGVkcmVtaW5kZXJzOnZlcnNpb25fMRjJ48P5HSJMcHJvamVjdHMvY2hvcmVxdWVzdC0xYzViNi9sb2NhdGlvbnMvdXMtY2VudHJhbDEvZnVuY3Rpb25zL3NjaGVkdWxlZHJlbWluZGVycyoMCNfbwcwGEPjGsZgBMghub2RlanMyMjp2CiNnY3IuaW8vZ2FlLXJ1bnRpbWVzL25vZGVqczIyOnN0YWJsZRJPdXMtY2VudHJhbDEtZG9ja2VyLnBrZy5kZXYvc2VydmVybGVzcy1ydW50aW1lcy9nb29nbGUtMjItZnVsbC9ydW50aW1lcy9ub2RlanMyMkAB for region us-central1
[debug] [2026-02-14T12:44:38.902Z] [create-default-us-central1-scheduledreminders] Retrying task index 0
[debug] [2026-02-14T12:44:38.903Z] Checked if tokens are valid: true, expires at: 1771076033622
[debug] [2026-02-14T12:44:38.903Z] Checked if tokens are valid: true, expires at: 1771076033622
[debug] [2026-02-14T12:44:38.903Z] >>> [apiv2][query] GET https://cloudfunctions.googleapis.com/v2/projects/chorequest-1c5b6/locations/us-central1/operations/operation-1771072909075-64ac80b9de4f3-eb5ae1c7-b221408d [none]
[debug] [2026-02-14T12:44:39.643Z] <<< [apiv2][status] GET https://cloudfunctions.googleapis.com/v2/projects/chorequest-1c5b6/locations/us-central1/operations/operation-1771072909075-64ac80b9de4f3-eb5ae1c7-b221408d 200
[debug] [2026-02-14T12:44:39.643Z] <<< [apiv2][body] GET https://cloudfunctions.googleapis.com/v2/projects/chorequest-1c5b6/locations/us-central1/operations/operation-1771072909075-64ac80b9de4f3-eb5ae1c7-b221408d {"name":"projects/chorequest-1c5b6/locations/us-central1/operations/operation-1771072909075-64ac80b9de4f3-eb5ae1c7-b221408d","metadata":{"@type":"type.googleapis.com/google.cloud.functions.v2.OperationMetadata","createTime":"2026-02-14T12:41:49.530674264Z","target":"projects/chorequest-1c5b6/locations/us-central1/functions/scheduledreminders","verb":"create","cancelRequested":false,"apiVersion":"v2","requestResource":{"@type":"type.googleapis.com/google.cloud.functions.v2.Function","name":"projects/chorequest-1c5b6/locations/us-central1/functions/scheduledreminders","buildConfig":{"runtime":"nodejs22","entryPoint":"scheduledreminders","source":{"storageSource":{"bucket":"gcf-v2-sources-8039494089-us-central1","object":"scheduledreminders/function-source.zip","generation":"1771072909317587"}},"environmentVariables":{"GOOGLE_NODE_RUN_SCRIPTS":""},"serviceAccount":"projects/chorequest-1c5b6/serviceAccounts/8039494089-compute@developer.gserviceaccount.com","automaticUpdatePolicy":{}},"serviceConfig":{"service":"projects/chorequest-1c5b6/locations/us-central1/services/scheduledreminders","timeoutSeconds":60,"environmentVariables":{"FIREBASE_CONFIG":"{\"projectId\":\"chorequest-1c5b6\",\"storageBucket\":\"chorequest-1c5b6.firebasestorage.app\"}","GCLOUD_PROJECT":"chorequest-1c5b6","EVENTARC_CLOUD_EVENT_SOURCE":"projects/chorequest-1c5b6/locations/us-central1/services/scheduledreminders","FUNCTION_TARGET":"scheduledreminders","LOG_EXECUTION_ID":"true"},"ingressSettings":"ALLOW_ALL","serviceAccountEmail":"8039494089-compute@developer.gserviceaccount.com","availableMemory":"256Mi","maxInstanceRequestConcurrency":80,"availableCpu":"1"},"labels":{"deployment-tool":"cli-firebase","deployment-scheduled":"true","firebase-functions-hash":"bf36637784bd31229903d98aff16550933fcd4c2"},"environment":"GEN_2"},"stages":[{"name":"BUILD","message":"Build finished","state":"COMPLETE","resource":"projects/8039494089/locations/us-central1/builds/546297cb-7afd-48d0-94a8-ab823349f4f4","resourceUri":"https://console.cloud.google.com/cloud-build/builds;region=us-central1/546297cb-7afd-48d0-94a8-ab823349f4f4?project=8039494089"},{"name":"SERVICE","message":"Creating Cloud Run service","state":"IN_PROGRESS","resource":"projects/chorequest-1c5b6/locations/us-central1/services/scheduledreminders","resourceUri":"https://console.cloud.google.com/run/detail/us-central1/scheduledreminders?project=chorequest-1c5b6"}],"sourceToken":"ClVwcm9qZWN0cy84MDM5NDk0MDg5L2xvY2F0aW9ucy91cy1jZW50cmFsMS9idWlsZHMvNTQ2Mjk3Y2ItN2FmZC00OGQwLTk0YTgtYWI4MjMzNDlmNGY0End1cy1jZW50cmFsMS1kb2NrZXIucGtnLmRldi9jaG9yZXF1ZXN0LTFjNWI2L2djZi1hcnRpZmFjdHMvY2hvcmVxdWVzdC0tMWM1YjZfX3VzLS1jZW50cmFsMV9fc2NoZWR1bGVkcmVtaW5kZXJzOnZlcnNpb25fMRjJ48P5HSJMcHJvamVjdHMvY2hvcmVxdWVzdC0xYzViNi9sb2NhdGlvbnMvdXMtY2VudHJhbDEvZnVuY3Rpb25zL3NjaGVkdWxlZHJlbWluZGVycyoMCNfbwcwGEPjGsZgBMghub2RlanMyMjp2CiNnY3IuaW8vZ2FlLXJ1bnRpbWVzL25vZGVqczIyOnN0YWJsZRJPdXMtY2VudHJhbDEtZG9ja2VyLnBrZy5kZXYvc2VydmVybGVzcy1ydW50aW1lcy9nb29nbGUtMjItZnVsbC9ydW50aW1lcy9ub2RlanMyMkAB","operationType":"CREATE_FUNCTION","buildName":"projects/8039494089/locations/us-central1/builds/546297cb-7afd-48d0-94a8-ab823349f4f4"},"done":false}
[debug] [2026-02-14T12:44:39.644Z] Got source token ClVwcm9qZWN0cy84MDM5NDk0MDg5L2xvY2F0aW9ucy91cy1jZW50cmFsMS9idWlsZHMvNTQ2Mjk3Y2ItN2FmZC00OGQwLTk0YTgtYWI4MjMzNDlmNGY0End1cy1jZW50cmFsMS1kb2NrZXIucGtnLmRldi9jaG9yZXF1ZXN0LTFjNWI2L2djZi1hcnRpZmFjdHMvY2hvcmVxdWVzdC0tMWM1YjZfX3VzLS1jZW50cmFsMV9fc2NoZWR1bGVkcmVtaW5kZXJzOnZlcnNpb25fMRjJ48P5HSJMcHJvamVjdHMvY2hvcmVxdWVzdC0xYzViNi9sb2NhdGlvbnMvdXMtY2VudHJhbDEvZnVuY3Rpb25zL3NjaGVkdWxlZHJlbWluZGVycyoMCNfbwcwGEPjGsZgBMghub2RlanMyMjp2CiNnY3IuaW8vZ2FlLXJ1bnRpbWVzL25vZGVqczIyOnN0YWJsZRJPdXMtY2VudHJhbDEtZG9ja2VyLnBrZy5kZXYvc2VydmVybGVzcy1ydW50aW1lcy9nb29nbGUtMjItZnVsbC9ydW50aW1lcy9ub2RlanMyMkAB for region us-central1
[debug] [2026-02-14T12:44:49.645Z] [create-default-us-central1-scheduledreminders] Retrying task index 0
[debug] [2026-02-14T12:44:49.647Z] Checked if tokens are valid: true, expires at: 1771076033622
[debug] [2026-02-14T12:44:49.647Z] Checked if tokens are valid: true, expires at: 1771076033622
[debug] [2026-02-14T12:44:49.647Z] >>> [apiv2][query] GET https://cloudfunctions.googleapis.com/v2/projects/chorequest-1c5b6/locations/us-central1/operations/operation-1771072909075-64ac80b9de4f3-eb5ae1c7-b221408d [none]
[debug] [2026-02-14T12:44:49.917Z] <<< [apiv2][status] GET https://cloudfunctions.googleapis.com/v2/projects/chorequest-1c5b6/locations/us-central1/operations/operation-1771072909075-64ac80b9de4f3-eb5ae1c7-b221408d 200
[debug] [2026-02-14T12:44:49.918Z] <<< [apiv2][body] GET https://cloudfunctions.googleapis.com/v2/projects/chorequest-1c5b6/locations/us-central1/operations/operation-1771072909075-64ac80b9de4f3-eb5ae1c7-b221408d {"name":"projects/chorequest-1c5b6/locations/us-central1/operations/operation-1771072909075-64ac80b9de4f3-eb5ae1c7-b221408d","metadata":{"@type":"type.googleapis.com/google.cloud.functions.v2.OperationMetadata","createTime":"2026-02-14T12:41:49.530674264Z","target":"projects/chorequest-1c5b6/locations/us-central1/functions/scheduledreminders","verb":"create","cancelRequested":false,"apiVersion":"v2","requestResource":{"@type":"type.googleapis.com/google.cloud.functions.v2.Function","name":"projects/chorequest-1c5b6/locations/us-central1/functions/scheduledreminders","buildConfig":{"runtime":"nodejs22","entryPoint":"scheduledreminders","source":{"storageSource":{"bucket":"gcf-v2-sources-8039494089-us-central1","object":"scheduledreminders/function-source.zip","generation":"1771072909317587"}},"environmentVariables":{"GOOGLE_NODE_RUN_SCRIPTS":""},"serviceAccount":"projects/chorequest-1c5b6/serviceAccounts/8039494089-compute@developer.gserviceaccount.com","automaticUpdatePolicy":{}},"serviceConfig":{"service":"projects/chorequest-1c5b6/locations/us-central1/services/scheduledreminders","timeoutSeconds":60,"environmentVariables":{"FIREBASE_CONFIG":"{\"projectId\":\"chorequest-1c5b6\",\"storageBucket\":\"chorequest-1c5b6.firebasestorage.app\"}","GCLOUD_PROJECT":"chorequest-1c5b6","EVENTARC_CLOUD_EVENT_SOURCE":"projects/chorequest-1c5b6/locations/us-central1/services/scheduledreminders","FUNCTION_TARGET":"scheduledreminders","LOG_EXECUTION_ID":"true"},"ingressSettings":"ALLOW_ALL","serviceAccountEmail":"8039494089-compute@developer.gserviceaccount.com","availableMemory":"256Mi","maxInstanceRequestConcurrency":80,"availableCpu":"1"},"labels":{"deployment-tool":"cli-firebase","deployment-scheduled":"true","firebase-functions-hash":"bf36637784bd31229903d98aff16550933fcd4c2"},"environment":"GEN_2"},"stages":[{"name":"BUILD","message":"Build finished","state":"COMPLETE","resource":"projects/8039494089/locations/us-central1/builds/546297cb-7afd-48d0-94a8-ab823349f4f4","resourceUri":"https://console.cloud.google.com/cloud-build/builds;region=us-central1/546297cb-7afd-48d0-94a8-ab823349f4f4?project=8039494089"},{"name":"SERVICE","message":"Creating Cloud Run service","state":"IN_PROGRESS","resource":"projects/chorequest-1c5b6/locations/us-central1/services/scheduledreminders","resourceUri":"https://console.cloud.google.com/run/detail/us-central1/scheduledreminders?project=chorequest-1c5b6"}],"sourceToken":"ClVwcm9qZWN0cy84MDM5NDk0MDg5L2xvY2F0aW9ucy91cy1jZW50cmFsMS9idWlsZHMvNTQ2Mjk3Y2ItN2FmZC00OGQwLTk0YTgtYWI4MjMzNDlmNGY0End1cy1jZW50cmFsMS1kb2NrZXIucGtnLmRldi9jaG9yZXF1ZXN0LTFjNWI2L2djZi1hcnRpZmFjdHMvY2hvcmVxdWVzdC0tMWM1YjZfX3VzLS1jZW50cmFsMV9fc2NoZWR1bGVkcmVtaW5kZXJzOnZlcnNpb25fMRjJ48P5HSJMcHJvamVjdHMvY2hvcmVxdWVzdC0xYzViNi9sb2NhdGlvbnMvdXMtY2VudHJhbDEvZnVuY3Rpb25zL3NjaGVkdWxlZHJlbWluZGVycyoMCNfbwcwGEPjGsZgBMghub2RlanMyMjp2CiNnY3IuaW8vZ2FlLXJ1bnRpbWVzL25vZGVqczIyOnN0YWJsZRJPdXMtY2VudHJhbDEtZG9ja2VyLnBrZy5kZXYvc2VydmVybGVzcy1ydW50aW1lcy9nb29nbGUtMjItZnVsbC9ydW50aW1lcy9ub2RlanMyMkAB","operationType":"CREATE_FUNCTION","buildName":"projects/8039494089/locations/us-central1/builds/546297cb-7afd-48d0-94a8-ab823349f4f4"},"done":false}
[debug] [2026-02-14T12:44:49.918Z] Got source token ClVwcm9qZWN0cy84MDM5NDk0MDg5L2xvY2F0aW9ucy91cy1jZW50cmFsMS9idWlsZHMvNTQ2Mjk3Y2ItN2FmZC00OGQwLTk0YTgtYWI4MjMzNDlmNGY0End1cy1jZW50cmFsMS1kb2NrZXIucGtnLmRldi9jaG9yZXF1ZXN0LTFjNWI2L2djZi1hcnRpZmFjdHMvY2hvcmVxdWVzdC0tMWM1YjZfX3VzLS1jZW50cmFsMV9fc2NoZWR1bGVkcmVtaW5kZXJzOnZlcnNpb25fMRjJ48P5HSJMcHJvamVjdHMvY2hvcmVxdWVzdC0xYzViNi9sb2NhdGlvbnMvdXMtY2VudHJhbDEvZnVuY3Rpb25zL3NjaGVkdWxlZHJlbWluZGVycyoMCNfbwcwGEPjGsZgBMghub2RlanMyMjp2CiNnY3IuaW8vZ2FlLXJ1bnRpbWVzL25vZGVqczIyOnN0YWJsZRJPdXMtY2VudHJhbDEtZG9ja2VyLnBrZy5kZXYvc2VydmVybGVzcy1ydW50aW1lcy9nb29nbGUtMjItZnVsbC9ydW50aW1lcy9ub2RlanMyMkAB for region us-central1
[debug] [2026-02-14T12:44:59.922Z] [create-default-us-central1-scheduledreminders] Retrying task index 0
[debug] [2026-02-14T12:44:59.923Z] Checked if tokens are valid: true, expires at: 1771076033622
[debug] [2026-02-14T12:44:59.923Z] Checked if tokens are valid: true, expires at: 1771076033622
[debug] [2026-02-14T12:44:59.923Z] >>> [apiv2][query] GET https://cloudfunctions.googleapis.com/v2/projects/chorequest-1c5b6/locations/us-central1/operations/operation-1771072909075-64ac80b9de4f3-eb5ae1c7-b221408d [none]
[debug] [2026-02-14T12:45:00.683Z] <<< [apiv2][status] GET https://cloudfunctions.googleapis.com/v2/projects/chorequest-1c5b6/locations/us-central1/operations/operation-1771072909075-64ac80b9de4f3-eb5ae1c7-b221408d 200
[debug] [2026-02-14T12:45:00.683Z] <<< [apiv2][body] GET https://cloudfunctions.googleapis.com/v2/projects/chorequest-1c5b6/locations/us-central1/operations/operation-1771072909075-64ac80b9de4f3-eb5ae1c7-b221408d {"name":"projects/chorequest-1c5b6/locations/us-central1/operations/operation-1771072909075-64ac80b9de4f3-eb5ae1c7-b221408d","metadata":{"@type":"type.googleapis.com/google.cloud.functions.v2.OperationMetadata","createTime":"2026-02-14T12:41:49.530674264Z","target":"projects/chorequest-1c5b6/locations/us-central1/functions/scheduledreminders","verb":"create","cancelRequested":false,"apiVersion":"v2","requestResource":{"@type":"type.googleapis.com/google.cloud.functions.v2.Function","name":"projects/chorequest-1c5b6/locations/us-central1/functions/scheduledreminders","buildConfig":{"runtime":"nodejs22","entryPoint":"scheduledreminders","source":{"storageSource":{"bucket":"gcf-v2-sources-8039494089-us-central1","object":"scheduledreminders/function-source.zip","generation":"1771072909317587"}},"environmentVariables":{"GOOGLE_NODE_RUN_SCRIPTS":""},"serviceAccount":"projects/chorequest-1c5b6/serviceAccounts/8039494089-compute@developer.gserviceaccount.com","automaticUpdatePolicy":{}},"serviceConfig":{"service":"projects/chorequest-1c5b6/locations/us-central1/services/scheduledreminders","timeoutSeconds":60,"environmentVariables":{"FIREBASE_CONFIG":"{\"projectId\":\"chorequest-1c5b6\",\"storageBucket\":\"chorequest-1c5b6.firebasestorage.app\"}","GCLOUD_PROJECT":"chorequest-1c5b6","EVENTARC_CLOUD_EVENT_SOURCE":"projects/chorequest-1c5b6/locations/us-central1/services/scheduledreminders","FUNCTION_TARGET":"scheduledreminders","LOG_EXECUTION_ID":"true"},"ingressSettings":"ALLOW_ALL","serviceAccountEmail":"8039494089-compute@developer.gserviceaccount.com","availableMemory":"256Mi","maxInstanceRequestConcurrency":80,"availableCpu":"1"},"labels":{"deployment-tool":"cli-firebase","deployment-scheduled":"true","firebase-functions-hash":"bf36637784bd31229903d98aff16550933fcd4c2"},"environment":"GEN_2"},"stages":[{"name":"BUILD","message":"Build finished","state":"COMPLETE","resource":"projects/8039494089/locations/us-central1/builds/546297cb-7afd-48d0-94a8-ab823349f4f4","resourceUri":"https://console.cloud.google.com/cloud-build/builds;region=us-central1/546297cb-7afd-48d0-94a8-ab823349f4f4?project=8039494089"},{"name":"SERVICE","message":"Creating Cloud Run service","state":"IN_PROGRESS","resource":"projects/chorequest-1c5b6/locations/us-central1/services/scheduledreminders","resourceUri":"https://console.cloud.google.com/run/detail/us-central1/scheduledreminders?project=chorequest-1c5b6"}],"sourceToken":"ClVwcm9qZWN0cy84MDM5NDk0MDg5L2xvY2F0aW9ucy91cy1jZW50cmFsMS9idWlsZHMvNTQ2Mjk3Y2ItN2FmZC00OGQwLTk0YTgtYWI4MjMzNDlmNGY0End1cy1jZW50cmFsMS1kb2NrZXIucGtnLmRldi9jaG9yZXF1ZXN0LTFjNWI2L2djZi1hcnRpZmFjdHMvY2hvcmVxdWVzdC0tMWM1YjZfX3VzLS1jZW50cmFsMV9fc2NoZWR1bGVkcmVtaW5kZXJzOnZlcnNpb25fMRjJ48P5HSJMcHJvamVjdHMvY2hvcmVxdWVzdC0xYzViNi9sb2NhdGlvbnMvdXMtY2VudHJhbDEvZnVuY3Rpb25zL3NjaGVkdWxlZHJlbWluZGVycyoMCNfbwcwGEPjGsZgBMghub2RlanMyMjp2CiNnY3IuaW8vZ2FlLXJ1bnRpbWVzL25vZGVqczIyOnN0YWJsZRJPdXMtY2VudHJhbDEtZG9ja2VyLnBrZy5kZXYvc2VydmVybGVzcy1ydW50aW1lcy9nb29nbGUtMjItZnVsbC9ydW50aW1lcy9ub2RlanMyMkAB","operationType":"CREATE_FUNCTION","buildName":"projects/8039494089/locations/us-central1/builds/546297cb-7afd-48d0-94a8-ab823349f4f4"},"done":false}
[debug] [2026-02-14T12:45:00.683Z] Got source token ClVwcm9qZWN0cy84MDM5NDk0MDg5L2xvY2F0aW9ucy91cy1jZW50cmFsMS9idWlsZHMvNTQ2Mjk3Y2ItN2FmZC00OGQwLTk0YTgtYWI4MjMzNDlmNGY0End1cy1jZW50cmFsMS1kb2NrZXIucGtnLmRldi9jaG9yZXF1ZXN0LTFjNWI2L2djZi1hcnRpZmFjdHMvY2hvcmVxdWVzdC0tMWM1YjZfX3VzLS1jZW50cmFsMV9fc2NoZWR1bGVkcmVtaW5kZXJzOnZlcnNpb25fMRjJ48P5HSJMcHJvamVjdHMvY2hvcmVxdWVzdC0xYzViNi9sb2NhdGlvbnMvdXMtY2VudHJhbDEvZnVuY3Rpb25zL3NjaGVkdWxlZHJlbWluZGVycyoMCNfbwcwGEPjGsZgBMghub2RlanMyMjp2CiNnY3IuaW8vZ2FlLXJ1bnRpbWVzL25vZGVqczIyOnN0YWJsZRJPdXMtY2VudHJhbDEtZG9ja2VyLnBrZy5kZXYvc2VydmVybGVzcy1ydW50aW1lcy9nb29nbGUtMjItZnVsbC9ydW50aW1lcy9ub2RlanMyMkAB for region us-central1
[debug] [2026-02-14T12:45:10.699Z] [create-default-us-central1-scheduledreminders] Retrying task index 0
[debug] [2026-02-14T12:45:10.699Z] Checked if tokens are valid: true, expires at: 1771076033622
[debug] [2026-02-14T12:45:10.700Z] Checked if tokens are valid: true, expires at: 1771076033622
[debug] [2026-02-14T12:45:10.700Z] >>> [apiv2][query] GET https://cloudfunctions.googleapis.com/v2/projects/chorequest-1c5b6/locations/us-central1/operations/operation-1771072909075-64ac80b9de4f3-eb5ae1c7-b221408d [none]
[debug] [2026-02-14T12:45:11.451Z] <<< [apiv2][status] GET https://cloudfunctions.googleapis.com/v2/projects/chorequest-1c5b6/locations/us-central1/operations/operation-1771072909075-64ac80b9de4f3-eb5ae1c7-b221408d 200
[debug] [2026-02-14T12:45:11.451Z] <<< [apiv2][body] GET https://cloudfunctions.googleapis.com/v2/projects/chorequest-1c5b6/locations/us-central1/operations/operation-1771072909075-64ac80b9de4f3-eb5ae1c7-b221408d {"name":"projects/chorequest-1c5b6/locations/us-central1/operations/operation-1771072909075-64ac80b9de4f3-eb5ae1c7-b221408d","metadata":{"@type":"type.googleapis.com/google.cloud.functions.v2.OperationMetadata","createTime":"2026-02-14T12:41:49.530674264Z","endTime":"2026-02-14T12:45:03.973168228Z","target":"projects/chorequest-1c5b6/locations/us-central1/functions/scheduledreminders","verb":"create","cancelRequested":false,"apiVersion":"v2","requestResource":{"@type":"type.googleapis.com/google.cloud.functions.v2.Function","name":"projects/chorequest-1c5b6/locations/us-central1/functions/scheduledreminders","buildConfig":{"runtime":"nodejs22","entryPoint":"scheduledreminders","source":{"storageSource":{"bucket":"gcf-v2-sources-8039494089-us-central1","object":"scheduledreminders/function-source.zip","generation":"1771072909317587"}},"environmentVariables":{"GOOGLE_NODE_RUN_SCRIPTS":""},"serviceAccount":"projects/chorequest-1c5b6/serviceAccounts/8039494089-compute@developer.gserviceaccount.com","automaticUpdatePolicy":{}},"serviceConfig":{"service":"projects/chorequest-1c5b6/locations/us-central1/services/scheduledreminders","timeoutSeconds":60,"environmentVariables":{"FIREBASE_CONFIG":"{\"projectId\":\"chorequest-1c5b6\",\"storageBucket\":\"chorequest-1c5b6.firebasestorage.app\"}","GCLOUD_PROJECT":"chorequest-1c5b6","EVENTARC_CLOUD_EVENT_SOURCE":"projects/chorequest-1c5b6/locations/us-central1/services/scheduledreminders","FUNCTION_TARGET":"scheduledreminders","LOG_EXECUTION_ID":"true"},"ingressSettings":"ALLOW_ALL","serviceAccountEmail":"8039494089-compute@developer.gserviceaccount.com","availableMemory":"256Mi","maxInstanceRequestConcurrency":80,"availableCpu":"1"},"labels":{"deployment-tool":"cli-firebase","deployment-scheduled":"true","firebase-functions-hash":"bf36637784bd31229903d98aff16550933fcd4c2"},"environment":"GEN_2"},"stages":[{"name":"BUILD","message":"Build finished","state":"COMPLETE","resource":"projects/8039494089/locations/us-central1/builds/546297cb-7afd-48d0-94a8-ab823349f4f4","resourceUri":"https://console.cloud.google.com/cloud-build/builds;region=us-central1/546297cb-7afd-48d0-94a8-ab823349f4f4?project=8039494089"},{"name":"SERVICE","message":"Creating Cloud Run service","state":"COMPLETE","resource":"projects/chorequest-1c5b6/locations/us-central1/services/scheduledreminders","resourceUri":"https://console.cloud.google.com/run/detail/us-central1/scheduledreminders?project=chorequest-1c5b6"}],"sourceToken":"ClVwcm9qZWN0cy84MDM5NDk0MDg5L2xvY2F0aW9ucy91cy1jZW50cmFsMS9idWlsZHMvNTQ2Mjk3Y2ItN2FmZC00OGQwLTk0YTgtYWI4MjMzNDlmNGY0End1cy1jZW50cmFsMS1kb2NrZXIucGtnLmRldi9jaG9yZXF1ZXN0LTFjNWI2L2djZi1hcnRpZmFjdHMvY2hvcmVxdWVzdC0tMWM1YjZfX3VzLS1jZW50cmFsMV9fc2NoZWR1bGVkcmVtaW5kZXJzOnZlcnNpb25fMRjJ48P5HSJMcHJvamVjdHMvY2hvcmVxdWVzdC0xYzViNi9sb2NhdGlvbnMvdXMtY2VudHJhbDEvZnVuY3Rpb25zL3NjaGVkdWxlZHJlbWluZGVycyoMCNfbwcwGEPjGsZgBMghub2RlanMyMjp2CiNnY3IuaW8vZ2FlLXJ1bnRpbWVzL25vZGVqczIyOnN0YWJsZRJPdXMtY2VudHJhbDEtZG9ja2VyLnBrZy5kZXYvc2VydmVybGVzcy1ydW50aW1lcy9nb29nbGUtMjItZnVsbC9ydW50aW1lcy9ub2RlanMyMkAB","operationType":"CREATE_FUNCTION","buildName":"projects/8039494089/locations/us-central1/builds/546297cb-7afd-48d0-94a8-ab823349f4f4"},"done":true,"response":{"@type":"type.googleapis.com/google.cloud.functions.v2.Function","name":"projects/chorequest-1c5b6/locations/us-central1/functions/scheduledreminders","buildConfig":{"build":"projects/8039494089/locations/us-central1/builds/546297cb-7afd-48d0-94a8-ab823349f4f4","runtime":"nodejs22","entryPoint":"scheduledreminders","source":{"storageSource":{"bucket":"gcf-v2-sources-8039494089-us-central1","object":"scheduledreminders/function-source.zip","generation":"1771072909317587"}},"environmentVariables":{"GOOGLE_NODE_RUN_SCRIPTS":""},"dockerRepository":"projects/chorequest-1c5b6/locations/us-central1/repositories/gcf-artifacts","sourceProvenance":{"resolvedStorageSource":{"bucket":"gcf-v2-sources-8039494089-us-central1","object":"scheduledreminders/function-source.zip","generation":"1771072909317587"}},"dockerRegistry":"ARTIFACT_REGISTRY","serviceAccount":"projects/chorequest-1c5b6/serviceAccounts/8039494089-compute@developer.gserviceaccount.com","automaticUpdatePolicy":{}},"serviceConfig":{"service":"projects/chorequest-1c5b6/locations/us-central1/services/scheduledreminders","timeoutSeconds":60,"environmentVariables":{"FIREBASE_CONFIG":"{\"projectId\":\"chorequest-1c5b6\",\"storageBucket\":\"chorequest-1c5b6.firebasestorage.app\"}","GCLOUD_PROJECT":"chorequest-1c5b6","EVENTARC_CLOUD_EVENT_SOURCE":"projects/chorequest-1c5b6/locations/us-central1/services/scheduledreminders","FUNCTION_TARGET":"scheduledreminders","LOG_EXECUTION_ID":"true"},"ingressSettings":"ALLOW_ALL","uri":"https://scheduledreminders-a425ghsjyq-uc.a.run.app","serviceAccountEmail":"8039494089-compute@developer.gserviceaccount.com","availableMemory":"256Mi","allTrafficOnLatestRevision":true,"revision":"scheduledreminders-00001-lek","maxInstanceRequestConcurrency":80,"availableCpu":"1"},"state":"ACTIVE","updateTime":"2026-02-14T12:41:49.527606766Z","labels":{"deployment-tool":"cli-firebase","deployment-scheduled":"true","firebase-functions-hash":"bf36637784bd31229903d98aff16550933fcd4c2"},"environment":"GEN_2","url":"https://us-central1-chorequest-1c5b6.cloudfunctions.net/scheduledreminders","createTime":"2026-02-14T12:41:49.527606766Z","satisfiesPzi":true}}
[debug] [2026-02-14T12:45:11.452Z] Got source token ClVwcm9qZWN0cy84MDM5NDk0MDg5L2xvY2F0aW9ucy91cy1jZW50cmFsMS9idWlsZHMvNTQ2Mjk3Y2ItN2FmZC00OGQwLTk0YTgtYWI4MjMzNDlmNGY0End1cy1jZW50cmFsMS1kb2NrZXIucGtnLmRldi9jaG9yZXF1ZXN0LTFjNWI2L2djZi1hcnRpZmFjdHMvY2hvcmVxdWVzdC0tMWM1YjZfX3VzLS1jZW50cmFsMV9fc2NoZWR1bGVkcmVtaW5kZXJzOnZlcnNpb25fMRjJ48P5HSJMcHJvamVjdHMvY2hvcmVxdWVzdC0xYzViNi9sb2NhdGlvbnMvdXMtY2VudHJhbDEvZnVuY3Rpb25zL3NjaGVkdWxlZHJlbWluZGVycyoMCNfbwcwGEPjGsZgBMghub2RlanMyMjp2CiNnY3IuaW8vZ2FlLXJ1bnRpbWVzL25vZGVqczIyOnN0YWJsZRJPdXMtY2VudHJhbDEtZG9ja2VyLnBrZy5kZXYvc2VydmVybGVzcy1ydW50aW1lcy9nb29nbGUtMjItZnVsbC9ydW50aW1lcy9ub2RlanMyMkAB for region us-central1
[debug] [2026-02-14T12:45:11.452Z] Checked if tokens are valid: true, expires at: 1771076033622
[debug] [2026-02-14T12:45:11.452Z] Checked if tokens are valid: true, expires at: 1771076033622
[debug] [2026-02-14T12:45:11.452Z] >>> [apiv2][query] GET https://compute.googleapis.com/compute/v1/projects/8039494089 [none]
[debug] [2026-02-14T12:45:11.714Z] <<< [apiv2][status] GET https://compute.googleapis.com/compute/v1/projects/8039494089 403
[debug] [2026-02-14T12:45:11.714Z] <<< [apiv2][body] GET https://compute.googleapis.com/compute/v1/projects/8039494089 {"error":{"code":403,"message":"Compute Engine API has not been used in project 8039494089 before or it is disabled. Enable it by visiting https://console.developers.google.com/apis/api/compute.googleapis.com/overview?project=8039494089 then retry. If you enabled this API recently, wait a few minutes for the action to propagate to our systems and retry.","errors":[{"message":"Compute Engine API has not been used in project 8039494089 before or it is disabled. Enable it by visiting https://console.developers.google.com/apis/api/compute.googleapis.com/overview?project=8039494089 then retry. If you enabled this API recently, wait a few minutes for the action to propagate to our systems and retry.","domain":"usageLimits","reason":"accessNotConfigured","extendedHelp":"https://console.developers.google.com"}],"status":"PERMISSION_DENIED","details":[{"@type":"type.googleapis.com/google.rpc.ErrorInfo","reason":"SERVICE_DISABLED","domain":"googleapis.com","metadata":{"containerInfo":"8039494089","serviceTitle":"Compute Engine API","service":"compute.googleapis.com","activationUrl":"https://console.developers.google.com/apis/api/compute.googleapis.com/overview?project=8039494089","consumer":"projects/8039494089"}},{"@type":"type.googleapis.com/google.rpc.LocalizedMessage","locale":"en-US","message":"Compute Engine API has not been used in project 8039494089 before or it is disabled. Enable it by visiting https://console.developers.google.com/apis/api/compute.googleapis.com/overview?project=8039494089 then retry. If you enabled this API recently, wait a few minutes for the action to propagate to our systems and retry."},{"@type":"type.googleapis.com/google.rpc.Help","links":[{"description":"Google developers console API activation","url":"https://console.developers.google.com/apis/api/compute.googleapis.com/overview?project=8039494089"}]}]}}
[debug] [2026-02-14T12:45:11.714Z] unable to look up default compute service account. Falling back to 8039494089-compute@developer.gserviceaccount.com. Error: {"name":"FirebaseError","children":[],"context":{"body":{"error":{"code":403,"message":"Compute Engine API has not been used in project 8039494089 before or it is disabled. Enable it by visiting https://console.developers.google.com/apis/api/compute.googleapis.com/overview?project=8039494089 then retry. If you enabled this API recently, wait a few minutes for the action to propagate to our systems and retry.","errors":[{"message":"Compute Engine API has not been used in project 8039494089 before or it is disabled. Enable it by visiting https://console.developers.google.com/apis/api/compute.googleapis.com/overview?project=8039494089 then retry. If you enabled this API recently, wait a few minutes for the action to propagate to our systems and retry.","domain":"usageLimits","reason":"accessNotConfigured","extendedHelp":"https://console.developers.google.com"}],"status":"PERMISSION_DENIED","details":[{"@type":"type.googleapis.com/google.rpc.ErrorInfo","reason":"SERVICE_DISABLED","domain":"googleapis.com","metadata":{"containerInfo":"8039494089","serviceTitle":"Compute Engine API","service":"compute.googleapis.com","activationUrl":"https://console.developers.google.com/apis/api/compute.googleapis.com/overview?project=8039494089","consumer":"projects/8039494089"}},{"@type":"type.googleapis.com/google.rpc.LocalizedMessage","locale":"en-US","message":"Compute Engine API has not been used in project 8039494089 before or it is disabled. Enable it by visiting https://console.developers.google.com/apis/api/compute.googleapis.com/overview?project=8039494089 then retry. If you enabled this API recently, wait a few minutes for the action to propagate to our systems and retry."},{"@type":"type.googleapis.com/google.rpc.Help","links":[{"description":"Google developers console API activation","url":"https://console.developers.google.com/apis/api/compute.googleapis.com/overview?project=8039494089"}]}]}},"response":{"statusCode":403}},"exit":1,"message":"Request to https://compute.googleapis.com/compute/v1/projects/8039494089 had HTTP Error: 403, Compute Engine API has not been used in project 8039494089 before or it is disabled. Enable it by visiting https://console.developers.google.com/apis/api/compute.googleapis.com/overview?project=8039494089 then retry. If you enabled this API recently, wait a few minutes for the action to propagate to our systems and retry.","status":403}
[debug] [2026-02-14T12:45:11.715Z] Checked if tokens are valid: true, expires at: 1771076033622
[debug] [2026-02-14T12:45:11.715Z] Checked if tokens are valid: true, expires at: 1771076033622
[debug] [2026-02-14T12:45:11.715Z] >>> [apiv2][query] POST https://run.googleapis.com/v1/projects/chorequest-1c5b6/locations/us-central1/services/scheduledreminders:setIamPolicy [none]
[debug] [2026-02-14T12:45:11.715Z] >>> [apiv2][body] POST https://run.googleapis.com/v1/projects/chorequest-1c5b6/locations/us-central1/services/scheduledreminders:setIamPolicy {"policy":{"bindings":[{"role":"roles/run.invoker","members":["serviceAccount:8039494089-compute@developer.gserviceaccount.com"]}],"etag":"","version":3},"updateMask":"bindings,etag,version"}
[debug] [2026-02-14T12:45:12.722Z] <<< [apiv2][status] POST https://run.googleapis.com/v1/projects/chorequest-1c5b6/locations/us-central1/services/scheduledreminders:setIamPolicy 200
[debug] [2026-02-14T12:45:12.722Z] <<< [apiv2][body] POST https://run.googleapis.com/v1/projects/chorequest-1c5b6/locations/us-central1/services/scheduledreminders:setIamPolicy {"version":1,"etag":"BwZKyBe/FdU=","bindings":[{"role":"roles/run.invoker","members":["serviceAccount:8039494089-compute@developer.gserviceaccount.com"]}]}
[debug] [2026-02-14T12:45:12.723Z] Checked if tokens are valid: true, expires at: 1771076033622
[debug] [2026-02-14T12:45:12.723Z] Checked if tokens are valid: true, expires at: 1771076033622
[debug] [2026-02-14T12:45:12.724Z] >>> [apiv2][query] GET https://compute.googleapis.com/compute/v1/projects/8039494089 [none]
[debug] [2026-02-14T12:45:12.917Z] <<< [apiv2][status] GET https://compute.googleapis.com/compute/v1/projects/8039494089 403
[debug] [2026-02-14T12:45:12.917Z] <<< [apiv2][body] GET https://compute.googleapis.com/compute/v1/projects/8039494089 {"error":{"code":403,"message":"Compute Engine API has not been used in project 8039494089 before or it is disabled. Enable it by visiting https://console.developers.google.com/apis/api/compute.googleapis.com/overview?project=8039494089 then retry. If you enabled this API recently, wait a few minutes for the action to propagate to our systems and retry.","errors":[{"message":"Compute Engine API has not been used in project 8039494089 before or it is disabled. Enable it by visiting https://console.developers.google.com/apis/api/compute.googleapis.com/overview?project=8039494089 then retry. If you enabled this API recently, wait a few minutes for the action to propagate to our systems and retry.","domain":"usageLimits","reason":"accessNotConfigured","extendedHelp":"https://console.developers.google.com"}],"status":"PERMISSION_DENIED","details":[{"@type":"type.googleapis.com/google.rpc.ErrorInfo","reason":"SERVICE_DISABLED","domain":"googleapis.com","metadata":{"serviceTitle":"Compute Engine API","service":"compute.googleapis.com","consumer":"projects/8039494089","containerInfo":"8039494089","activationUrl":"https://console.developers.google.com/apis/api/compute.googleapis.com/overview?project=8039494089"}},{"@type":"type.googleapis.com/google.rpc.LocalizedMessage","locale":"en-US","message":"Compute Engine API has not been used in project 8039494089 before or it is disabled. Enable it by visiting https://console.developers.google.com/apis/api/compute.googleapis.com/overview?project=8039494089 then retry. If you enabled this API recently, wait a few minutes for the action to propagate to our systems and retry."},{"@type":"type.googleapis.com/google.rpc.Help","links":[{"description":"Google developers console API activation","url":"https://console.developers.google.com/apis/api/compute.googleapis.com/overview?project=8039494089"}]}]}}
[debug] [2026-02-14T12:45:12.918Z] unable to look up default compute service account. Falling back to 8039494089-compute@developer.gserviceaccount.com. Error: {"name":"FirebaseError","children":[],"context":{"body":{"error":{"code":403,"message":"Compute Engine API has not been used in project 8039494089 before or it is disabled. Enable it by visiting https://console.developers.google.com/apis/api/compute.googleapis.com/overview?project=8039494089 then retry. If you enabled this API recently, wait a few minutes for the action to propagate to our systems and retry.","errors":[{"message":"Compute Engine API has not been used in project 8039494089 before or it is disabled. Enable it by visiting https://console.developers.google.com/apis/api/compute.googleapis.com/overview?project=8039494089 then retry. If you enabled this API recently, wait a few minutes for the action to propagate to our systems and retry.","domain":"usageLimits","reason":"accessNotConfigured","extendedHelp":"https://console.developers.google.com"}],"status":"PERMISSION_DENIED","details":[{"@type":"type.googleapis.com/google.rpc.ErrorInfo","reason":"SERVICE_DISABLED","domain":"googleapis.com","metadata":{"serviceTitle":"Compute Engine API","service":"compute.googleapis.com","consumer":"projects/8039494089","containerInfo":"8039494089","activationUrl":"https://console.developers.google.com/apis/api/compute.googleapis.com/overview?project=8039494089"}},{"@type":"type.googleapis.com/google.rpc.LocalizedMessage","locale":"en-US","message":"Compute Engine API has not been used in project 8039494089 before or it is disabled. Enable it by visiting https://console.developers.google.com/apis/api/compute.googleapis.com/overview?project=8039494089 then retry. If you enabled this API recently, wait a few minutes for the action to propagate to our systems and retry."},{"@type":"type.googleapis.com/google.rpc.Help","links":[{"description":"Google developers console API activation","url":"https://console.developers.google.com/apis/api/compute.googleapis.com/overview?project=8039494089"}]}]}},"response":{"statusCode":403}},"exit":1,"message":"Request to https://compute.googleapis.com/compute/v1/projects/8039494089 had HTTP Error: 403, Compute Engine API has not been used in project 8039494089 before or it is disabled. Enable it by visiting https://console.developers.google.com/apis/api/compute.googleapis.com/overview?project=8039494089 then retry. If you enabled this API recently, wait a few minutes for the action to propagate to our systems and retry.","status":403}
[debug] [2026-02-14T12:45:12.919Z] Checked if tokens are valid: true, expires at: 1771076033622
[debug] [2026-02-14T12:45:12.919Z] Checked if tokens are valid: true, expires at: 1771076033622
[debug] [2026-02-14T12:45:12.919Z] >>> [apiv2][query] GET https://cloudscheduler.googleapis.com/v1/projects/chorequest-1c5b6/locations/us-central1/jobs/firebase-schedule-scheduledreminders-us-central1 [none]
[debug] [2026-02-14T12:45:13.856Z] <<< [apiv2][status] GET https://cloudscheduler.googleapis.com/v1/projects/chorequest-1c5b6/locations/us-central1/jobs/firebase-schedule-scheduledreminders-us-central1 404
[debug] [2026-02-14T12:45:13.856Z] <<< [apiv2][body] GET https://cloudscheduler.googleapis.com/v1/projects/chorequest-1c5b6/locations/us-central1/jobs/firebase-schedule-scheduledreminders-us-central1 {"error":{"code":404,"message":"Job not found.","status":"NOT_FOUND"}}
[debug] [2026-02-14T12:45:13.856Z] Checked if tokens are valid: true, expires at: 1771076033622
[debug] [2026-02-14T12:45:13.857Z] Checked if tokens are valid: true, expires at: 1771076033622
[debug] [2026-02-14T12:45:13.857Z] >>> [apiv2][query] POST https://cloudscheduler.googleapis.com/v1/projects/chorequest-1c5b6/locations/us-central1/jobs [none]
[debug] [2026-02-14T12:45:13.857Z] >>> [apiv2][body] POST https://cloudscheduler.googleapis.com/v1/projects/chorequest-1c5b6/locations/us-central1/jobs {"timeZone":"UTC","name":"projects/chorequest-1c5b6/locations/us-central1/jobs/firebase-schedule-scheduledreminders-us-central1","httpTarget":{"uri":"https://us-central1-chorequest-1c5b6.cloudfunctions.net/scheduledreminders","httpMethod":"POST","oidcToken":{"serviceAccountEmail":"8039494089-compute@developer.gserviceaccount.com"}},"schedule":"every 15 minutes","attemptDeadline":null,"retryConfig":{"maxDoublings":null,"retryCount":null,"maxBackoffDuration":null,"minBackoffDuration":null,"maxRetryDuration":null}}
[debug] [2026-02-14T12:45:20.436Z] <<< [apiv2][status] POST https://cloudscheduler.googleapis.com/v1/projects/chorequest-1c5b6/locations/us-central1/jobs 200
[debug] [2026-02-14T12:45:20.436Z] <<< [apiv2][body] POST https://cloudscheduler.googleapis.com/v1/projects/chorequest-1c5b6/locations/us-central1/jobs {"name":"projects/chorequest-1c5b6/locations/us-central1/jobs/firebase-schedule-scheduledreminders-us-central1","httpTarget":{"uri":"https://us-central1-chorequest-1c5b6.cloudfunctions.net/scheduledreminders","httpMethod":"POST","headers":{"User-Agent":"Google-Cloud-Scheduler"},"oidcToken":{"serviceAccountEmail":"8039494089-compute@developer.gserviceaccount.com","audience":"https://us-central1-chorequest-1c5b6.cloudfunctions.net/scheduledreminders"}},"userUpdateTime":"2026-02-14T12:45:19.898231Z","state":"ENABLED","status":{"code":-1},"scheduleTime":"2026-02-14T13:00:00Z","retryConfig":{"maxRetryDuration":"0s","minBackoffDuration":"5s","maxBackoffDuration":"3600s","maxDoublings":5},"schedule":"every 15 minutes","timeZone":"UTC","attemptDeadline":"180s"}
[debug] [2026-02-14T12:45:20.436Z] created scheduler job firebase-schedule-scheduledreminders-us-central1
[info] +  functions[scheduledreminders(us-central1)] Successful create operation. 
[debug] [2026-02-14T12:45:20.449Z] Total Function Deployment time: 229442
[debug] [2026-02-14T12:45:20.449Z] 2 Functions Deployed
[debug] [2026-02-14T12:45:20.449Z] 1 Functions Errored
[debug] [2026-02-14T12:45:20.449Z] 0 Function Deployments Aborted
[debug] [2026-02-14T12:45:20.449Z] Average Function Deployment time: 123476
[info] 
[info] Functions deploy had errors with the following functions:
	onguildupdate(us-central1)
[debug] [2026-02-14T12:45:20.590Z] Checked if tokens are valid: true, expires at: 1771076033622
[debug] [2026-02-14T12:45:20.590Z] Checked if tokens are valid: true, expires at: 1771076033622
[debug] [2026-02-14T12:45:20.590Z] >>> [apiv2][query] GET https://artifactregistry.googleapis.com/v1/projects/chorequest-1c5b6/locations/us-central1/repositories/gcf-artifacts [none]
[debug] [2026-02-14T12:45:21.496Z] <<< [apiv2][status] GET https://artifactregistry.googleapis.com/v1/projects/chorequest-1c5b6/locations/us-central1/repositories/gcf-artifacts 200
[debug] [2026-02-14T12:45:21.496Z] <<< [apiv2][body] GET https://artifactregistry.googleapis.com/v1/projects/chorequest-1c5b6/locations/us-central1/repositories/gcf-artifacts {"name":"projects/chorequest-1c5b6/locations/us-central1/repositories/gcf-artifacts","format":"DOCKER","description":"This repository is created and used by Cloud Functions for storing function docker images.","labels":{"goog-managed-by":"cloudfunctions"},"createTime":"2026-02-14T12:42:01.286048Z","updateTime":"2026-02-14T12:42:57.088757Z","mode":"STANDARD_REPOSITORY","sizeBytes":"99017219","vulnerabilityScanningConfig":{"lastEnableTime":"2026-02-14T12:41:49.717410247Z","enablementState":"SCANNING_DISABLED","enablementStateReason":"API containerscanning.googleapis.com is not enabled."},"satisfiesPzi":true,"registryUri":"us-central1-docker.pkg.dev/chorequest-1c5b6/gcf-artifacts"}
[warn] !  functions: No cleanup policy detected for repositories in us-central1. This may result in a small monthly bill as container images accumulate over time. 
[info] i  functions: Configuring cleanup policy for repository in us-central1. Images older than 1 days will be automatically deleted. 
[debug] [2026-02-14T12:45:21.530Z] Setting up artifact cleanup policy for region us-central1
[debug] [2026-02-14T12:45:21.530Z] Checked if tokens are valid: true, expires at: 1771076033622
[debug] [2026-02-14T12:45:21.530Z] Checked if tokens are valid: true, expires at: 1771076033622
[debug] [2026-02-14T12:45:21.530Z] >>> [apiv2][query] PATCH https://artifactregistry.googleapis.com/v1/projects/chorequest-1c5b6/locations/us-central1/repositories/gcf-artifacts updateMask=name%2CcleanupPolicies%2CcleanupPolicyDryRun%2Clabels
[debug] [2026-02-14T12:45:21.531Z] >>> [apiv2][body] PATCH https://artifactregistry.googleapis.com/v1/projects/chorequest-1c5b6/locations/us-central1/repositories/gcf-artifacts {"name":"projects/chorequest-1c5b6/locations/us-central1/repositories/gcf-artifacts","cleanupPolicies":{"firebase-functions-cleanup":{"id":"firebase-functions-cleanup","condition":{"tagState":"ANY","olderThan":"86400s"},"action":"DELETE"}},"cleanupPolicyDryRun":false,"labels":{"goog-managed-by":"cloudfunctions"}}
[debug] [2026-02-14T12:45:22.278Z] <<< [apiv2][status] PATCH https://artifactregistry.googleapis.com/v1/projects/chorequest-1c5b6/locations/us-central1/repositories/gcf-artifacts 200
[debug] [2026-02-14T12:45:22.278Z] <<< [apiv2][body] PATCH https://artifactregistry.googleapis.com/v1/projects/chorequest-1c5b6/locations/us-central1/repositories/gcf-artifacts {"name":"projects/chorequest-1c5b6/locations/us-central1/repositories/gcf-artifacts","format":"DOCKER","description":"This repository is created and used by Cloud Functions for storing function docker images.","labels":{"goog-managed-by":"cloudfunctions"},"createTime":"2026-02-14T12:42:01.286048Z","updateTime":"2026-02-14T12:45:22.101281Z","mode":"STANDARD_REPOSITORY","cleanupPolicies":{"firebase-functions-cleanup":{"id":"firebase-functions-cleanup","action":"DELETE","condition":{"tagState":"ANY","olderThan":"86400s"}}},"vulnerabilityScanningConfig":{"lastEnableTime":"2026-02-14T12:41:49.717410247Z","enablementState":"SCANNING_DISABLED","enablementStateReason":"API containerscanning.googleapis.com is not enabled."},"satisfiesPzi":true}
[info] i  functions: Configured cleanup policy for repository in us-central1. 
[debug] [2026-02-14T12:45:22.279Z] Functions deploy failed.
[debug] [2026-02-14T12:45:22.279Z] {
  "endpoint": {
    "id": "onguildupdate",
    "project": "chorequest-1c5b6",
    "region": "us-central1",
    "entryPoint": "onguildupdate",
    "platform": "gcfv2",
    "runtime": "nodejs22",
    "eventTrigger": {
      "eventType": "google.cloud.firestore.document.v1.updated",
      "retry": false,
      "eventFilters": {
        "database": "(default)",
        "namespace": "(default)"
      },
      "eventFilterPathPatterns": {
        "document": "guilds/{guildId}"
      },
      "region": "eur3"
    },
    "labels": {
      "deployment-tool": "cli-firebase"
    },
    "serviceAccount": null,
    "ingressSettings": null,
    "availableMemoryMb": null,
    "timeoutSeconds": null,
    "maxInstances": null,
    "minInstances": null,
    "concurrency": 80,
    "vpc": null,
    "environmentVariables": {
      "FIREBASE_CONFIG": "{\"projectId\":\"chorequest-1c5b6\",\"storageBucket\":\"chorequest-1c5b6.firebasestorage.app\"}",
      "GCLOUD_PROJECT": "chorequest-1c5b6",
      "EVENTARC_CLOUD_EVENT_SOURCE": "projects/chorequest-1c5b6/locations/us-central1/services/onguildupdate"
    },
    "codebase": "default",
    "cpu": 1,
    "targetedByOnly": false,
    "hash": "bf36637784bd31229903d98aff16550933fcd4c2"
  },
  "op": "create",
  "original": {
    "name": "FirebaseError",
    "children": [],
    "context": {
      "function": "projects/chorequest-1c5b6/locations/us-central1/functions/onguildupdate"
    },
    "exit": 1,
    "message": "Failed to create function projects/chorequest-1c5b6/locations/us-central1/functions/onguildupdate",
    "original": {
      "name": "FirebaseError",
      "children": [],
      "context": {
        "body": {
          "error": {
            "code": 400,
            "message": "Validation failed for trigger projects/chorequest-1c5b6/locations/eur3/triggers/onguildupdate-645168: Invalid resource state for \"\": Permission denied while using the Eventarc Service Agent. If you recently started to use Eventarc, it may take a few minutes before all necessary permissions are propagated to the Service Agent. Otherwise, verify that it has Eventarc Service Agent role.",
            "status": "FAILED_PRECONDITION"
          }
        },
        "response": {
          "statusCode": 400
        }
      },
      "exit": 1,
      "message": "Request to https://cloudfunctions.googleapis.com/v2/projects/chorequest-1c5b6/locations/us-central1/functions?functionId=onguildupdate had HTTP Error: 400, Validation failed for trigger projects/chorequest-1c5b6/locations/eur3/triggers/onguildupdate-645168: Invalid resource state for \"\": Permission denied while using the Eventarc Service Agent. If you recently started to use Eventarc, it may take a few minutes before all necessary permissions are propagated to the Service Agent. Otherwise, verify that it has Eventarc Service Agent role.",
      "status": 400
    },
    "status": 400,
    "code": 400
  }
}
[debug] [2026-02-14T12:45:22.313Z] Error: Failed to create function onguildupdate in region us-central1
    at C:\Users\grasy\AppData\Local\npm-cache\_npx\7750544ccf494d8b\node_modules\firebase-tools\lib\deploy\functions\release\fabricator.js:318:27
    at process.processTicksAndRejections (node:internal/process/task_queues:103:5)
    at async Fabricator.createV2Function (C:\Users\grasy\AppData\Local\npm-cache\_npx\7750544ccf494d8b\node_modules\firebase-tools\lib\deploy\functions\release\fabricator.js:297:30)
    at async Fabricator.createEndpoint (C:\Users\grasy\AppData\Local\npm-cache\_npx\7750544ccf494d8b\node_modules\firebase-tools\lib\deploy\functions\release\fabricator.js:139:13)
    at async handle (C:\Users\grasy\AppData\Local\npm-cache\_npx\7750544ccf494d8b\node_modules\firebase-tools\lib\deploy\functions\release\fabricator.js:91:17)
[error] 
[error] Error: There was an error deploying functions
